route_id,name,tour,program,day,option,language,match_status,source_row,day_desc,option_raw,target_km,diff_km,elev_m,confidence,applied
31544016,Dordrecht // Alblasserdam - Kinderdijk - Schoonhoven 32 km ENG 2026,Holland and Belgium: Amsterdam - Bruges Premium,Program: Amsterdam - Bruges Medium/Premium,2,1,EN,exact,10,Day 2: Utrecht – Vreeswijk | Vreeswijk – Schoonhoven – Kinderdijk  | Kinderdijk,Optie 1,32.0,0.43,72.2,Hoog,True
26884044,Dordrecht // Alblasserdam - Kinderdijk - Vianen 57 km ENG 2026,Holland and Belgium: Amsterdam - Bruges Premium,Program: Amsterdam - Bruges Medium/Premium,2,2,EN,exact,10,Day 2: Utrecht – Vreeswijk | Vreeswijk – Schoonhoven – Kinderdijk  | Kinderdijk,Optie 2,56.0,0.99,137.1,Laag (niet toegepast),False
26884038,Tholen - Willemstad (via Steenbergen) 42 km ENG 2026,Holland and Belgium: Amsterdam - Bruges Premium,Program: Amsterdam - Bruges Medium/Premium,3,1,EN,exact,11,Day 3: Dordrecht – Willemstad | Willemstad – Bergen op Zoom,Optie 1,42.0,0.4,105.2,Hoog,True
26884027,Tholen - Willemstad (via Oud Vossemeer) 46 km ENG 2026,Holland and Belgium: Amsterdam - Bruges Premium,Program: Amsterdam - Bruges Medium/Premium,3,2,EN,exact,11,Day 3: Dordrecht – Willemstad | Willemstad – Bergen op Zoom,Optie 2,50.0,4.48,107.3,Redelijk,True
26884030,Kreekrak (west) - Tholen 20 km ENG 2026,Holland and Belgium: Amsterdam - Bruges Premium,Program: Amsterdam - Bruges Medium/Premium,4,1,EN,exact,12,Day 4: Bergen op Zoom – Kreekrak lock | Kreekrak  lock - Antwerp,Optie 1,21.0,0.56,54.6,Hoog,True
26884023,Kreekrak (west) - Tholen 34 km ENG 2026,Holland and Belgium: Amsterdam - Bruges Premium,Program: Amsterdam - Bruges Medium/Premium,4,2,EN,exact,12,Day 4: Bergen op Zoom – Kreekrak lock | Kreekrak  lock - Antwerp,Optie 2,35.0,0.72,119.8,Hoog,True
44712627,Ghent (city) - Lovendegem 10 km ENG 2026,Holland and Belgium: Amsterdam - Bruges Premium,Program: Bruges - Amsterdam Medium/Premium MAG,1,1,EN,exact,49,Day 1: Bruges,Optie 1,15.0,4.6,30.2,Laag (niet toegepast),False
26848663,Bruges - Lissewege (loop) 38 km ENG 2026,Holland and Belgium: Amsterdam - Bruges Premium,Program: Bruges - Amsterdam Medium/Premium MAG,2,1,EN,exact,50,Day 2: Bruges – Ghent,Optie 1,35.0,3.09,124.6,Redelijk,True
26848529,Vianen - Kinderdijk - Alblasserdam //  Dordrecht 57 km ENG 2026,Holland and Belgium: Amsterdam - Bruges Premium,Program: Bruges - Amsterdam Medium/Premium MAG,2,2,EN,exact,50,Day 2: Bruges – Ghent,Optie 2,57.0,0.12,138.8,Laag (niet toegepast),False
43547879,Dendermonde - Ghent (city) 38 km ENG 2026,Holland and Belgium: Amsterdam - Bruges Premium,Program: Bruges - Amsterdam Medium/Premium MAG,3,1,EN,exact,51,Day 3: Ghent – Dendermonde/St. Amands,Optie 1,40.0,1.97,144.4,Redelijk,True
31554711,Antwerp - Dendermonde 53 km ENG 2026,Holland and Belgium: Amsterdam - Bruges Premium,Program: Bruges - Amsterdam Medium/Premium MAG,3,2,EN,exact,51,Day 3: Ghent – Dendermonde/St. Amands,Optie 2,53.0,0.1,192.3,Hoog,True
31566631,Moerbrugge - Bruges 33 km ENG 2026,Holland and Belgium: Amsterdam - Bruges Premium,Program: Bruges - Amsterdam Medium/Premium MAG,4,1,EN,exact,52,Day 4: St. Amands – Temse – Antwerp,Optie 1,32.0,1.21,115.3,Laag (niet toegepast),False
31554812,Antwerp  - Dendermonde (via Waterbus) 42 ENG 2026,Holland and Belgium: Amsterdam - Bruges Premium,Program: Bruges - Amsterdam Medium/Premium MAG,4,2,EN,exact,52,Day 4: St. Amands – Temse – Antwerp,Optie 2,49.0,0.57,182.3,Hoog,True
31566504,Tholen - Kreekrak (west) 35 km ENG 2026,Holland and Belgium: Amsterdam - Bruges Premium,Program: Bruges - Amsterdam Medium/Premium MAG,5,1,EN,exact,53,Day 5: Antwerp – Kreekrak locks | Kreekrak locks – Tholen | Tholen – Willemstad,Optie 1,36.0,1.86,152.5,Redelijk,True
26848586,Tholen - Kreekrak (west) 21 km ENG 2026,Holland and Belgium: Amsterdam - Bruges Premium,Program: Bruges - Amsterdam Medium/Premium MAG,5,2,EN,exact,53,Day 5: Antwerp – Kreekrak locks | Kreekrak locks – Tholen | Tholen – Willemstad,Optie 2,20.0,0.5,45.6,Hoog,True
31459911,Schoonhoven - Kinderdijk - Alblasserdam  //  Dordrecht 32 km ENG 2026,Holland and Belgium: Amsterdam - Bruges Premium,Program: Bruges - Amsterdam Medium/Premium MAG,6,1,EN,exact,54,Day 6: Dordrecht – Kinderdijk | Kinderdijk – Schoonhoven – Vreeswijk/Utrecht,Optie 1,32.0,0.51,68.9,Hoog,True
52207479,Vreeswijk - Kinderdijk - Alblasserdam // Dordrecht 57 km ENG 2026,Holland and Belgium: Amsterdam - Bruges Premium,Program: Bruges - Amsterdam Medium/Premium MAG,6,2,EN,exact,54,Day 6: Dordrecht – Kinderdijk | Kinderdijk – Schoonhoven – Vreeswijk/Utrecht,Optie 2,57.0,1.08,144.8,Redelijk,True
26848642,Moerbrugge - Bruges 41 km ENG 2026,Holland and Belgium: Amsterdam - Bruges Premium,Program: Bruges - Amsterdam Medium/Premium MAG,7,1,EN,exact,55,Day 7: Vreeswijk/Utrecht – Breukelen | Breukelen – Amsterdam,Optie 1,36.0,4.55,201.1,Laag (niet toegepast),False
55991544,Antwerpen - Baasrode 45 km ENG 2026,Holland and Belgium: Amsterdam - Bruges Premium,Program: Bruges - Amsterdam Medium/Premium MAG,7,2,EN,exact,55,Day 7: Vreeswijk/Utrecht – Breukelen | Breukelen – Amsterdam,Optie 2,46.0,0.83,165.3,Laag (niet toegepast),False
31459911,Schoonhoven - Kinderdijk - Alblasserdam  //  Dordrecht 32 km ENG 2026,Holland and Belgium: Amsterdam - Bruges Premium,Program: Amsterdam - Bruges Medium/Premium MAG,2,1,EN,exact,58,Day 2: Utrecht – Vreeswijk  | Vreeswijk – Schoonhoven – Kinderdijk | Kinderdijk,Optie 1,32.0,0.51,68.9,Hoog,True
26848529,Vianen - Kinderdijk - Alblasserdam //  Dordrecht 57 km ENG 2026,Holland and Belgium: Amsterdam - Bruges Premium,Program: Amsterdam - Bruges Medium/Premium MAG,2,2,EN,exact,58,Day 2: Utrecht – Vreeswijk  | Vreeswijk – Schoonhoven – Kinderdijk | Kinderdijk,Optie 2,56.0,0.88,138.8,Laag (niet toegepast),False
31460311,Willemstad - Tholen (via Steenbergen 43 km ENG 2026,Holland and Belgium: Amsterdam - Bruges Premium,Program: Amsterdam - Bruges Medium/Premium MAG,3,1,EN,exact,59,Day 3: Dordrecht – Willemstad | Willemstad – Bergen op Zoom,Optie 1,42.0,0.49,127.5,Redelijk,True
42684453,Willemstad - Bergen op Zoom (via Tholen) 50 km ENG 2026,Holland and Belgium: Amsterdam - Bruges Premium,Program: Amsterdam - Bruges Medium/Premium MAG,3,2,EN,exact,59,Day 3: Dordrecht – Willemstad | Willemstad – Bergen op Zoom,Optie 2,50.0,0.36,124.4,Hoog,True
31460505,Tholen - Kreekrak (east) 23 km ENG 2026,Holland and Belgium: Amsterdam - Bruges Premium,Program: Amsterdam - Bruges Medium/Premium MAG,4,1,EN,exact,60,Day 4: Bergen op Zoom – Kreekrak lock | Kreekrak lock – Antwerp,Optie 1,21.0,1.48,49.6,Redelijk,True
31460434,Tholen - Kreekrak (east) 33 km ENG 2026,Holland and Belgium: Amsterdam - Bruges Premium,Program: Amsterdam - Bruges Medium/Premium MAG,4,2,EN,exact,60,Day 4: Bergen op Zoom – Kreekrak lock | Kreekrak lock – Antwerp,Optie 2,35.0,2.37,146.1,Redelijk,True
31555120,Antwerp - St. Amands (via Waterbus) 30 km ENG 2026,Holland and Belgium: Amsterdam - Bruges Premium,Program: Amsterdam - Bruges Medium/Premium MAG,5,1,EN,exact,61,Day 5: Antwerp – Temse – St. Amands,Optie 1,34.0,3.52,126.7,Redelijk,True
31554812,Antwerp  - Dendermonde (via Waterbus) 42 ENG 2026,Holland and Belgium: Amsterdam - Bruges Premium,Program: Amsterdam - Bruges Medium/Premium MAG,5,2,EN,exact,61,Day 5: Antwerp – Temse – St. Amands,Optie 2,49.0,0.57,182.3,Hoog,True
31554711,Antwerp - Dendermonde 53 km ENG 2026,Holland and Belgium: Amsterdam - Bruges Premium,Program: Amsterdam - Bruges Medium/Premium MAG,6,1,EN,exact,62,Day 6: St. Amands – Dendermonde | Dendermonde – Ghent,Optie 1,52.0,0.9,192.3,Hoog,True
26848645,Aalter-Brug - Bruges 22 km ENG 2026,Holland and Belgium: Amsterdam - Bruges Premium,Program: Amsterdam - Bruges Medium/Premium MAG,7,1,EN,exact,63,Day 7: Ghent – Bruges,Optie 1,22.0,0.05,76.7,Hoog,True
31465355,Dendermonde - Ghent (city) 45 km ENG 2026,Holland and Belgium: Amsterdam - Bruges Premium,Program: Amsterdam - Bruges Medium/Premium MAG,7,2,EN,exact,63,Day 7: Ghent – Bruges,Optie 2,45.0,0.27,166.0,Hoog,True
26884044,Dordrecht // Alblasserdam - Kinderdijk - Vianen 57 km ENG 2026,Holland and Belgium: The Best of Holland and Belgium,Amsterdam - Bruges,2,1,EN,exact,66,Day 2: Vianen – Schoonhoven – Kinderdijk | Kinderdijk – Dordrecht,Optie 1,56.0,0.99,137.1,Hoog,True
26884030,Kreekrak (west) - Tholen 20 km ENG 2026,Holland and Belgium: The Best of Holland and Belgium,Amsterdam - Bruges,3,1,EN,exact,67,Day 3:Dordrecht – Tholen | Tholen – Kreekrak lock | Kreekrak lock – Antwerp,Optie 1,20.0,0.44,54.6,Hoog,True
26884023,Kreekrak (west) - Tholen 34 km ENG 2026,Holland and Belgium: The Best of Holland and Belgium,Amsterdam - Bruges,3,2,EN,exact,67,Day 3:Dordrecht – Tholen | Tholen – Kreekrak lock | Kreekrak lock – Antwerp,Optie 2,36.0,1.72,119.8,Redelijk,True
31571337,Dendermonde - Antwerp (via waterbus) 42+8 km ENG 2026,Holland and Belgium: The Best of Holland and Belgium,Amsterdam - Bruges,4,1,EN,exact,68,Day 4: Antwerp – Temse – Dendermonde,Optie 1,48.0,2.07,174.7,Redelijk,True
55834573,Dordrecht // Alblasserdam - Urecht [ALT] (centrum) (via Kinderdijk - Roosevelt) 65km,Holland and Belgium: The Best of Holland and Belgium,Amsterdam - Bruges,4,2,,exact,68,Day 4: Antwerp – Temse – Dendermonde,Optie 2,64.0,0.98,169.7,Laag (niet toegepast),False
31571313,Dendermonde - Antwerp 52 km ENG 2026,Holland and Belgium: The Best of Holland and Belgium,Amsterdam - Bruges,5,1,EN,exact,69,Day 5: Dendermonde – Ghent,Optie 1,52.0,0.32,201.7,Hoog,True
26884027,Tholen - Willemstad (via Oud Vossemeer) 46 km ENG 2026,Holland and Belgium: The Best of Holland and Belgium,Amsterdam - Bruges,6,1,EN,exact,70,Day 6: Ghent – Bruges,Optie 1,45.0,0.52,107.3,Laag (niet toegepast),False
31571536,Breukelen - Amsterdam (Oosterdok) 38 km ENG 2026,Holland and Belgium: The Best of Holland and Belgium,Amsterdam - Bruges,7,1,EN,exact,71,Day 7: Tour around Bruges to the North Sea,Optie 1,38.0,0.05,110.6,Laag (niet toegepast),False
41699453,Bruges - Ghent (city) (via Aalter-Brug) 51 km ENG 2026,Holland and Belgium: The Best of Holland and Belgium,Amsterdam - Bruges,7,2,EN,exact,71,Day 7: Tour around Bruges to the North Sea,Optie 2,51.0,0.19,151.6,Hoog,True
26883959|53899228,Test ride: Bruges 11 km ENG 2026,Holland and Belgium: The Best of Holland and Belgium,Bruges - Amsterdam,1,1,EN,ambiguous,73,Day 1: Bruges,Optie 1,11.0,0.16,39.7,Hoog,True
49141390,Bruges - Ghent (city) (via Bulskampveld) 57 km ENG 2026,Holland and Belgium: The Best of Holland and Belgium,Bruges - Amsterdam,2,1,EN,exact,74,Day 2: Bruges – Ghent,Optie 1,57.0,0.41,226.1,Hoog,True
31540193,Ghent (Merelbeke) - Dendermonde 39 km ENG 2026,Holland and Belgium: The Best of Holland and Belgium,Bruges - Amsterdam,3,1,EN,exact,75,Day 3: Ghent – Dendermonde,Optie 1,40.0,1.37,126.0,Redelijk,True
31571337,Dendermonde - Antwerp (via waterbus) 42+8 km ENG 2026,Holland and Belgium: The Best of Holland and Belgium,Bruges - Amsterdam,4,1,EN,exact,76,Day 4: Dendermonde – Antwerp,Optie 1,48.0,2.07,174.7,Redelijk,True
49761920,Schoonhoven - Kinderdijk - Vreeswijk  ENG 62 km 2025,Holland and Belgium: The Best of Holland and Belgium,Bruges - Amsterdam,4,2,EN,exact,76,Day 4: Dendermonde – Antwerp,Optie 2,63.0,0.74,197.4,Laag (niet toegepast),False
31540472,St. Amands - Antwerp (via waterbus) 30+7 km ENG 2026,Holland and Belgium: The Best of Holland and Belgium,Bruges - Amsterdam,5,1,EN,exact,77,Day 5: Antwerp – Kreekrak locks | Kreekrak locks – Tholen | Tholen – Dordrecht,Optie 1,36.0,1.33,124.0,Redelijk,True
31540657,Kreekrak (east) - Tholen 23 km ENG 2026,Holland and Belgium: The Best of Holland and Belgium,Bruges - Amsterdam,5,2,EN,exact,77,Day 5: Antwerp – Kreekrak locks | Kreekrak locks – Tholen | Tholen – Dordrecht,Optie 2,20.0,2.45,40.7,Redelijk,True
26884044,Dordrecht // Alblasserdam - Kinderdijk - Vianen 57 km ENG 2026,Holland and Belgium: The Best of Holland and Belgium,Bruges - Amsterdam,6,1,EN,exact,78,Day 6: Dordrecht – Alblasserdam | Alblasserdam – Kinderdijk – Schoonhoven – Via,Optie 1,57.0,0.01,137.1,Hoog,True
31571536,Breukelen - Amsterdam (Oosterdok) 38 km ENG 2026,Holland and Belgium: The Best of Holland and Belgium,Bruges - Amsterdam,7,1,EN,exact,79,Day 7: Vianen – Breukelen | Breukelen – Amsterdam,Optie 1,38.0,0.05,110.6,Hoog,True
31571526,Breukelen - Amsterdam (Oosterdok) 47 km ENG 2026,Holland and Belgium: The Best of Holland and Belgium,Bruges - Amsterdam,7,2,EN,exact,79,Day 7: Vianen – Breukelen | Breukelen – Amsterdam,Optie 2,48.0,1.01,148.5,Redelijk,True
54779001|54779450,Volendam - Zaanse Schanse - Amsterdam (Minerva) 42km ENG,Holland: Northern Tour,Program: Northern Tour,2,1,EN,ambiguous,106,Day 2: Zaandam – Zaanse Schans – Alkmaar,Optie 1,44.0,0.67,126.5,Laag (niet toegepast),False
49227975,Alkmaar - Dunes (loop via Bergen) 34 km ENG 2026 (N),Holland: Northern Tour,Program: Northern Tour,3,1,EN,exact,107,Day 3: Dune tour: round trip from/to Alkmaar | Alkmaar – Den Helder,Optie 1,33.0,0.56,164.9,Hoog,True
54664318,Alkmaar Polder-Windmill loop 40km ENG,Holland: Northern Tour,Program: Northern Tour,3,2,EN,exact,107,Day 3: Dune tour: round trip from/to Alkmaar | Alkmaar – Den Helder,Optie 2,40.0,0.18,121.1,Redelijk,True
50890551,Alkmaar - Hoorn 34 km ENG 2026,Holland: Northern Tour,Program: Northern Tour,4,1,EN,exact,108,Day 4: Ferry to North Sea island of Texel: cycling round trips from ‘t Horntje,Optie 1,34.0,0.25,100.4,Laag (niet toegepast),False
38226608,Texel (loop ferry) 51 km ENG 2026,Holland: Northern Tour,Program: Northern Tour,4,2,EN,exact,108,Day 4: Ferry to North Sea island of Texel: cycling round trips from ‘t Horntje,Optie 2,51.0,0.26,143.3,Hoog,True
32289895,Stavoren (loop) 42 km ENG 2026 (N),Holland: Northern Tour,Program: Northern Tour,5,1,EN,exact,109,Day 5: Den Helder – Stavoren | Southwest Friesland: round trip from/to Stavoren,Optie 1,43.0,0.6,108.1,Hoog,True
32289555,Stavoren (loop) 55 km ENG 2026 (N),Holland: Northern Tour,Program: Northern Tour,5,2,EN,exact,109,Day 5: Den Helder – Stavoren | Southwest Friesland: round trip from/to Stavoren,Optie 2,55.0,0.2,137.0,Hoog,True
26525248,Medemblik - Enkhuizen (via Twisk) 39 km ENG 2026 (N),Holland: Northern Tour,Program: Northern Tour,6,1,EN,exact,110,Day 6: Stavoren – Medemblik | Medemblik – Hoorn – Enkhuizen,Optie 1,39.0,0.04,104.3,Hoog,True
48302657,Hoorn - Enkhuizen (via Medemblik) 51 km ENG 2026,Holland: Northern Tour,Program: Northern Tour,6,2,EN,exact,110,Day 6: Stavoren – Medemblik | Medemblik – Hoorn – Enkhuizen,Optie 2,51.0,0.18,143.8,Hoog,True
32295850,Volendam - Amsterdam (Minerva) 29 km ENG 2026 (N),Holland: Northern Tour,Program: Northern Tour,7,1,EN,exact,111,Day 7: Enkhuizen – Volendam | Volendam – Waterland – Amsterdam,Optie 1,28.0,1.23,97.9,Redelijk,True
50924735,Zaandam - Volendam 50 km ENG 2025,Holland: Northern Tour,Program: Northern Tour,7,2,EN,exact,111,Day 7: Enkhuizen – Volendam | Volendam – Waterland – Amsterdam,Optie 2,50.0,1.08,167.7,Redelijk,True
26544454,Breukelen - Utrecht (Neude) 16km / 10mi ENG 2026,Holland: Southern Tour,Program: Southern Tour,2,1,EN,exact,114,Day 2: Amsterdam – Breukelen | Breukelen – Utrecht | Utrecht – Rotterdam,Optie 1,20.0,3.74,73.9,Redelijk,True
26920390,Gouda - Utrecht 39 km / 24 mi ENG 2026,Holland: Southern Tour,Program: Southern Tour,2,2,EN,exact,114,Day 2: Amsterdam – Breukelen | Breukelen – Utrecht | Utrecht – Rotterdam,Optie 2,39.0,0.04,98.8,Hoog,True
26545114,Rotterdam - Delft (loop) 49 km / 31 mi ENG 2026,Holland: Southern Tour,Program: Southern Tour,3,1,EN,exact,115,Day 3: Rotterdam – Schiedam – Delft – Rotterdam,Optie 1,48.0,1.59,182.3,Redelijk,True
26920266,Alblasserdam - Kinderdijk - Gouda  30 km / 19 mi ENG 2026,Holland: Southern Tour,Program: Southern Tour,4,1,EN,exact,116,Day 4: Rotterdam – Alblasserdam (“waterbus”) |   Kinderdijk – (Gouda)Schoonhoven,Optie 1,30.0,0.24,85.8,Hoog,True
26917012,Rotterdam - Kinderdijk - Schoonhoven - Gouda 61 km / 38 mi ENG 2026,Holland: Southern Tour,Program: Southern Tour,4,2,EN,exact,116,Day 4: Rotterdam – Alblasserdam (“waterbus”) |   Kinderdijk – (Gouda)Schoonhoven,Optie 2,58.0,2.51,153.8,Redelijk,True
26544361,Breukelen - Utrecht (centrum) 36km / 22mi ENG 2026,Holland: Southern Tour,Program: Southern Tour,5,1,EN,exact,117,Day 5: Schoonhoven – Oudewater – Utrecht | Utrecht – Haarlem,Optie 1,36.0,0.47,114.9,Laag (niet toegepast),False
26920283,Rotterdam - Kinderdijk - Schoonhoven 44 km / 28 mi ENG 2026,Holland: Southern Tour,Program: Southern Tour,5,2,EN,exact,117,Day 5: Schoonhoven – Oudewater – Utrecht | Utrecht – Haarlem,Optie 2,44.0,0.19,111.6,Redelijk,True
26528912,Haarlem Haarlem (Spaarndamseweg) - North Sea (loop) 41 km / 25 mi ENG 2026,Holland: Southern Tour,Program: Southern Tour,6,1,EN,exact,118,Day 6: Haarlem – North Sea coast – Haarlem | Haarlem – Zaandam,Optie 1,40.0,0.6,210.9,Hoog,True
26921011,Haarlem Haarlem (Spaarndamseweg) - North Sea (loop) 50 km / 31 mi ENG 2025- North Sea (loop) 50 km / 31 mi ENG 2026,Holland: Southern Tour,Program: Southern Tour,6,2,EN,exact,118,Day 6: Haarlem – North Sea coast – Haarlem | Haarlem – Zaandam,Optie 2,50.0,0.11,244.6,Hoog,True
26773939|55469711,Amsterdam (Minerva) - Waterland (loop) 34 km ENG 2026,Holland: Southern Tour,Program: Southern Tour,7,1,EN,ambiguous,119,Day 7: Zaandam – Amsterdam,Optie 1,32.0,1.7,132.3,Redelijk,True
49223639,Zaandam - Amsterdam (Minerva) 54 km / 33 mi ENG 2026,Holland: Southern Tour,Program: Southern Tour,7,2,EN,exact,119,Day 7: Zaandam – Amsterdam,Optie 2,53.0,0.72,179.4,Hoog,True
53331578,"Spaarndam - Haarlem (Spaarndamseweg) 6,7 km ENG 2026",Netherlands: 8-day Tulip Tour (Boutique),Program: 8 days regular tulip,1,1,EN,exact,121,Day 1: Amsterdam – Spaarndam | Spaarndam – Haarlem,Optie 1,6.0,0.66,25.6,Hoog,True
28999000,Spaarndam - Haarlem (city) 14 km ENG 2026,Netherlands: 8-day Tulip Tour (Boutique),Program: 8 days regular tulip,1,2,EN,exact,121,Day 1: Amsterdam – Spaarndam | Spaarndam – Haarlem,Optie 2,14.0,0.16,55.9,Hoog,True
46084169,Leiden - Gouda 38 km ENG 2026,Netherlands: 8-day Tulip Tour (Boutique),Program: 8 days regular tulip,2,1,EN,exact,122,Day 2: Haarlem – Keukenhof – Leiden,Optie 1,38.0,0.1,112.6,Hoog,True
54915153,Leiden - Gouda 36 km ENG 2026 Zoeterwoude,Netherlands: 8-day Tulip Tour (Boutique),Program: 8 days regular tulip,3,1,EN,exact,123,Day 3: Leiden –  Gouda,Optie 1,37.0,0.3,118.5,Hoog,True
54152900,Gouda - Uithoorn 43 km ENG 2026,Netherlands: 8-day Tulip Tour (Boutique),Program: 8 days regular tulip,3,2,EN,exact,123,Day 3: Leiden –  Gouda,Optie 2,43.0,0.23,106.6,Hoog,True
54152896,Alphen a/d Rijn - Uithoorn 24 km ENG 2026,Netherlands: 8-day Tulip Tour (Boutique),Program: 8 days regular tulip,4,1,EN,exact,124,Day 4: Gouda – Alphen a/d Rijn | Alphen a/d Rijn – Kudelstaart,Optie 1,20.0,4.41,63.2,Redelijk,True
19010780,Leiden - Gouda 46 km ENG 2026,Netherlands: 8-day Tulip Tour (Boutique),Program: 8 days regular tulip,4,2,EN,exact,124,Day 4: Gouda – Alphen a/d Rijn | Alphen a/d Rijn – Kudelstaart,Optie 2,44.0,2.46,113.6,Redelijk,True
19010888,"Spaarndam - Haarlem (city) 8,3 km ENG 2026",Netherlands: 8-day Tulip Tour (Boutique),Program: 8 days regular tulip,5,1,EN,exact,125,Day 5: Kudelstaart – Flower auction | Aalsmeer – Amsterdam | Amsterdam – Zaanse,Optie 1,9.0,0.67,31.4,Laag (niet toegepast),False
32261520,Zaandam - Zaanse Schans - Alkmaar (via Schermer) 45 km ENG 2026,Netherlands: 8-day Tulip Tour (Boutique),Program: 8 days regular tulip,5,2,EN,exact,125,Day 5: Kudelstaart – Flower auction | Aalsmeer – Amsterdam | Amsterdam – Zaanse,Optie 2,45.0,0.16,143.5,Laag (niet toegepast),False
19220574,Zaandam - Zaanse Schans - Alkmaar (via Egmond) 50 km ENG 2026,Netherlands: 8-day Tulip Tour (Boutique),Program: 8 days regular tulip,6,1,EN,exact,126,Day 6: Purmerend – Alkmaar,Optie 1,50.0,0.54,193.1,Hoog,True
50285202,Purmerend - Alkmaar (via Heiloo) 37 km ENG 2026,Netherlands: 8-day Tulip Tour (Boutique),Program: 8 days regular tulip,7,1,EN,exact,127,Day 7: Alkmaar – Amsterdam,Optie 1,37.0,0.24,113.1,Hoog,True
54782493,Alkmaar - Haarlem (city) 54 km ENG 2026,Netherlands: 8-day Tulip Tour (Boutique),Program: 8 days regular tulip,7,2,EN,exact,127,Day 7: Alkmaar – Amsterdam,Optie 2,54.0,0.13,250.2,Hoog,True
43160612,Test ride: Maastricht 12 km ENG 2026,Netherlands: Amsterdam - Maastricht or v.v.,Program: Amsterdam - Maastricht,1,1,EN,exact,137,Day 1: Amsterdam – Weesp | testride in Weesp,Optie 1,11.0,0.83,66.2,Laag (niet toegepast),False
55190414,Gorinchem - Vianen 49 km ENG 2026 (alternative),Netherlands: Amsterdam - Maastricht or v.v.,Program: Amsterdam - Maastricht,2,1,EN,exact,138,Day 2: Weesp – Utrecht | Utrecht – Vianen,Optie 1,47.0,2.08,133.2,Redelijk,True
25306306,Gorinchem - Vianen 42 km ENG 2026,Netherlands: Amsterdam - Maastricht or v.v.,Program: Amsterdam - Maastricht,3,1,EN,exact,139,Day 3: Vianen – Gorinchem | Gorinchem – Heusden,Optie 1,41.0,0.73,106.7,Hoog,True
26921017|55195305,Schoonhoven - Oudewater - Utrecht 45 km / 28 mi ENG 2026,Netherlands: Amsterdam - Maastricht or v.v.,Program: Amsterdam - Maastricht,4,1,EN,ambiguous,140,Day 4: Heusden – Lith | Lith – Cuijck,Optie 1,40.0,4.63,113.9,Laag (niet toegepast),False
44992477,Arcen - Cuijk 55 km ENG 2026,Netherlands: Amsterdam - Maastricht or v.v.,Program: Amsterdam - Maastricht,5,1,EN,exact,141,Day 5: Cuijck – Arcen,Optie 1,53.0,2.36,244.4,Redelijk,True
54994676,Roermond - Venlo 50 km ENG 2026,Netherlands: Amsterdam - Maastricht or v.v.,Program: Amsterdam - Maastricht,6,1,EN,exact,142,Day 6: Arcen – Venlo – Roermond,Optie 1,50.0,0.31,253.0,Hoog,True
24420204,Schipperskerk - Roermond 41 km ENG 2026,Netherlands: Amsterdam - Maastricht or v.v.,Program: Amsterdam - Maastricht,7,1,EN,exact,143,Day 7: Roermond – Born | Born – Maastricht,Optie 1,42.0,1.4,185.4,Redelijk,True
50084374,"Avondwandeling Maastricht 3,3 KM - extra",Netherlands: Amsterdam - Maastricht or v.v.,Program: Maastricht - Amsterdam,1,1,,exact,145,Day 1: Maastricht,Optie 1,6.0,2.67,22.9,Redelijk,True
24420204,Schipperskerk - Roermond 41 km ENG 2026,Netherlands: Amsterdam - Maastricht or v.v.,Program: Maastricht - Amsterdam,2,1,EN,exact,146,Day 2: Maastricht – Born | Born – Roermond,Optie 1,40.0,0.6,185.4,Hoog,True
54994676,Roermond - Venlo 50 km ENG 2026,Netherlands: Amsterdam - Maastricht or v.v.,Program: Maastricht - Amsterdam,3,1,EN,exact,147,Day 3: Roermond – Venlo – Arcen,Optie 1,50.0,0.31,253.0,Hoog,True
26660826,Cuijk - Lith  54 km ENG 2026 (deviations 2026),Netherlands: Amsterdam - Maastricht or v.v.,Program: Maastricht - Amsterdam,4,1,EN,exact,148,Day 4: Arcen – Cuijk,Optie 1,53.0,1.0,150.8,Hoog,True
26921017|55195305,Schoonhoven - Oudewater - Utrecht 45 km / 28 mi ENG 2026,Netherlands: Amsterdam - Maastricht or v.v.,Program: Maastricht - Amsterdam,5,1,EN,ambiguous,149,Day 5: Cuijk – Oss | Oss – Heusden,Optie 1,40.0,4.63,113.9,Laag (niet toegepast),False
25306306,Gorinchem - Vianen 42 km ENG 2026,Netherlands: Amsterdam - Maastricht or v.v.,Program: Maastricht - Amsterdam,6,1,EN,exact,150,Day 6: Heusden – Gorinchem | Gorinchem – Vianen,Optie 1,41.0,0.73,106.7,Hoog,True
31571526,Breukelen - Amsterdam (Oosterdok) 47 km ENG 2026,Netherlands: Amsterdam - Maastricht or v.v.,Program: Maastricht - Amsterdam,7,1,EN,exact,151,Day 7: Vianen – Breukelen | Breukelen – Amsterdam,Optie 1,42.0,4.99,148.5,Redelijk,True
29010740|53844944|53899229,Bruges - Damme (loop) 22 km ENG 2026,France and Belgium: Paris - Bruges,Program: Bruges - Paris,1,1,EN,ambiguous,153,Day 1: Bruges,Optie 1,22.0,0.56,79.6,Hoog,True
55265628,Ghent (Merelbeke) - Oudenaarde (via Ghent City & Deinze) 51 km ENG 2026,France and Belgium: Paris - Bruges,Program: Bruges - Paris,2,1,EN,exact,154,Day 2: Bruges ­– Moerbrugge | Moerbrugge – Ghent,Optie 1,52.0,0.65,243.4,Hoog,True
49141390,Bruges - Ghent (city) (via Bulskampveld) 57 km ENG 2026,France and Belgium: Paris - Bruges,Program: Bruges - Paris,2,2,EN,exact,154,Day 2: Bruges ­– Moerbrugge | Moerbrugge – Ghent,Optie 2,58.0,1.41,226.1,Redelijk,True
41699453,Bruges - Ghent (city) (via Aalter-Brug) 51 km ENG 2026,France and Belgium: Paris - Bruges,Program: Bruges - Paris,3,1,EN,exact,155,Day 3: Ghent ­– Oudenaarde,Optie 1,51.0,0.19,151.6,Hoog,True
26574872,Oudenaarde - Tournai (flat) ENG 42 km 2026,France and Belgium: Paris - Bruges,Program: Bruges - Paris,4,1,EN,exact,156,Day 4: Oudenaarde­ – Doornik (Tournai),Optie 1,42.0,0.21,126.2,Hoog,True
26574883,Oudenaarde - Tournai (hill) ENG 51 km 2026,France and Belgium: Paris - Bruges,Program: Bruges - Paris,4,2,EN,exact,156,Day 4: Oudenaarde­ – Doornik (Tournai),Optie 2,51.0,0.19,435.4,Hoog,True
41403997,Bléharies - Pont-Malin 50 km ENG 2026,France and Belgium: Paris - Bruges,Program: Bruges - Paris,5,1,EN,exact,157,Day 5: Doornik (Tournai) – Bleharies | Bleharies – Pont Malin | Pont Malin – Arl,Optie 1,50.0,0.26,180.4,Hoog,True
41404012,Bléharies - Pont-Malin (via Lewarde) 54 km ENG 2026,France and Belgium: Paris - Bruges,Program: Bruges - Paris,5,2,EN,exact,157,Day 5: Doornik (Tournai) – Bleharies | Bleharies – Pont Malin | Pont Malin – Arl,Optie 2,54.0,0.01,229.8,Hoog,True
55317280,Arleux - Havrincourt (via Canal St-Quentin) 40 km ENG 2026,France and Belgium: Paris - Bruges,Program: Bruges - Paris,6,1,EN,exact,158,Day 6: Arleux – Havrincourt,Optie 1,40.0,0.55,236.9,Hoog,True
26957550|53899240,Arleux - Havrincourt (via Vaucelles) 53 km ENG 2026,France and Belgium: Paris - Bruges,Program: Bruges - Paris,6,2,EN,ambiguous,158,Day 6: Arleux – Havrincourt,Optie 2,53.0,0.06,427.8,Hoog,True
55348481,Ytres - Péronne 45 km ENG 2026,France and Belgium: Paris - Bruges,Program: Bruges - Paris,7,1,EN,exact,159,Day 7: Havrincourt – Péronne,Optie 1,45.0,0.44,300.3,Hoog,True
55342262,Ytres - Péronne 53 km ENG 2026,France and Belgium: Paris - Bruges,Program: Bruges - Paris,7,2,EN,exact,159,Day 7: Havrincourt – Péronne,Optie 2,53.0,0.31,348.1,Hoog,True
30195085,Péronne - Pont-l'Évêque 52 km ENG 2026,France and Belgium: Paris - Bruges,Program: Bruges - Paris,9,1,EN,exact,161,Day 9: Péronne – Épénancourt | Épénancourt  – Noyon – Pont l’Évêque,Optie 1,52.0,0.12,265.8,Hoog,True
29269729,Pont-l'Évêque - Compiègne 37 km ENG 2026,France and Belgium: Paris - Bruges,Program: Bruges - Paris,10,1,EN,exact,162,Day 10: Pont l’Évêque – Compiègne,Optie 1,37.0,0.45,231.3,Hoog,True
26955070,Pont-l'Évêque - Compiègne (via Attichy) 46 km  ENG 2026,France and Belgium: Paris - Bruges,Program: Bruges - Paris,10,2,EN,exact,162,Day 10: Pont l’Évêque – Compiègne,Optie 2,46.0,0.04,267.3,Hoog,True
26575876,Compiègne - Pont-Sainte-Maxence 54 km ENG 2026,France and Belgium: Paris - Bruges,Program: Bruges - Paris,11,1,EN,exact,163,Day 11: Compiègne – Pont-St-Maxence,Optie 1,54.0,0.33,380.1,Hoog,True
55449938,Auvers-sur-Oise - Paris (Bougival) (via Ax Majeur) 44 km ENG 2026 rain route,France and Belgium: Paris - Bruges,Program: Bruges - Paris,12,1,EN,exact,164,Day 12: Pont-St-Maxence – Beaumont | Beaumont – Auvers-sur-Oise,Optie 1,45.0,0.65,296.0,Hoog,True
49142143,Pont-Ste-Maxence - Chantilly - Auvers-sur-Oise 59 km ENG 2026,France and Belgium: Paris - Bruges,Program: Bruges - Paris,12,2,EN,exact,164,Day 12: Pont-St-Maxence – Beaumont | Beaumont – Auvers-sur-Oise,Optie 2,59.0,0.34,426.1,Hoog,True
31596049,Auvers-sur-Oise - Paris (Bougival) 35 km ENG 2026,France and Belgium: Paris - Bruges,Program: Bruges - Paris,13,1,EN,exact,165,Day 13: Auvers-sur-Oise – Paris (Bougival),Optie 1,35.0,0.42,246.2,Hoog,True
31596014,Auvers-sur-Oise - Paris (Bougival) (via Ax Majeur) 48 km ENG 2026,France and Belgium: Paris - Bruges,Program: Bruges - Paris,13,2,EN,exact,165,Day 13: Auvers-sur-Oise – Paris (Bougival),Optie 2,48.0,0.04,302.2,Hoog,True
31612131,Paris (Bougival) - L'Isle-Adam 42 km ENG 2026,France and Belgium: Paris - Bruges,Program: Paris - Bruges,2,1,EN,exact,169,Day 2: Paris (Bougival) – Auvers-sur-Oise,Optie 1,42.0,0.01,270.6,Redelijk,True
31596961,Paris (Bougival) - Auvers-sur-Oise (via Ax Majeure) 48 km ENG 2026,France and Belgium: Paris - Bruges,Program: Paris - Bruges,2,2,EN,exact,169,Day 2: Paris (Bougival) – Auvers-sur-Oise,Optie 2,48.0,0.13,295.9,Hoog,True
44574990,Beaumont - Chantilly - Pont-Ste-Maxence 46 km ENG 2026,France and Belgium: Paris - Bruges,Program: Paris - Bruges,3,1,EN,exact,170,Day 3: Auvers-sur-Oise – Beaumont | Beaumont – Pont-Ste- Maxence,Optie 1,46.0,0.49,372.0,Hoog,True
29118252|53446538,Pont-Ste-Maxence - Compiègne 42 km ENG 2026,France and Belgium: Paris - Bruges,Program: Paris - Bruges,4,1,EN,ambiguous,171,Day 4: Pont-Ste.-Maxence – Compiègne,Optie 1,42.0,0.1,295.9,Hoog,True
52741225,Pont-Ste-Maxence - Compiègne (hills / Pièrrefonds) 54 km ENG 2026,France and Belgium: Paris - Bruges,Program: Paris - Bruges,4,2,EN,exact,171,Day 4: Pont-Ste.-Maxence – Compiègne,Optie 2,54.0,0.49,406.3,Hoog,True
31599948,Compiègne - Pont-l'Évêque 42 km ENG 2026,France and Belgium: Paris - Bruges,Program: Paris - Bruges,5,1,EN,exact,172,Day 5: Compiègne – Pont l’Évêque,Optie 1,42.0,0.13,264.3,Hoog,True
26933436,Pont-l'Évêque - Péronne 52 km ENG 2026,France and Belgium: Paris - Bruges,Program: Paris - Bruges,5,2,EN,exact,172,Day 5: Compiègne – Pont l’Évêque,Optie 2,52.0,0.14,266.0,Hoog,True
31599992,Compiègne - Pont-l'Évêque (via Attichy) 52 km ENG 2026,France and Belgium: Paris - Bruges,Program: Paris - Bruges,6,1,EN,exact,173,Day 6: Pont l’Évêque – Haudival | Haudival – Péronne,Optie 1,52.0,0.21,330.4,Hoog,True
28729101,Haudival - Péronne (via Ham & Péronne) 60 km ENG 2026,France and Belgium: Paris - Bruges,Program: Paris - Bruges,6,2,EN,exact,173,Day 6: Pont l’Évêque – Haudival | Haudival – Péronne,Optie 2,60.0,0.27,271.0,Hoog,True
26617078,Péronne - Ytres 45 km ENG 2026,France and Belgium: Paris - Bruges,Program: Paris - Bruges,8,1,EN,exact,175,Day 8: Péronne – Ytres | Ytres – Havrincourt,Optie 1,42.0,3.01,364.2,Redelijk,True
31600403,Péronne - Ytres 53 km ENG 2026,France and Belgium: Paris - Bruges,Program: Paris - Bruges,8,2,EN,exact,175,Day 8: Péronne – Ytres | Ytres – Havrincourt,Optie 2,52.0,1.41,416.9,Redelijk,True
41455218,Havrincourt - Arleux (via Masnières) 44 km ENG 2026,France and Belgium: Paris - Bruges,Program: Paris - Bruges,9,1,EN,exact,176,Day 9: Havrincourt – Arleux | Arleux – Pont Malin,Optie 1,44.0,0.06,239.9,Hoog,True
26617076,Havrincourt - Arleux (via Vaucelles) 56 km ENG 2026,France and Belgium: Paris - Bruges,Program: Paris - Bruges,9,2,EN,exact,176,Day 9: Havrincourt – Arleux | Arleux – Pont Malin,Optie 2,56.0,0.48,393.1,Hoog,True
26925532,Denain - Tournai (via Saint-Amands) 44 km ENG 2026,France and Belgium: Paris - Bruges,Program: Paris - Bruges,10,1,EN,exact,177,Day 10: Pont Malin – Denain | Denain – Doornik (Tournai),Optie 1,44.0,0.02,161.2,Hoog,True
41445529,Denain - Tournai (via Marchiennes & Saint-Amand) 56 km ENG 2026,France and Belgium: Paris - Bruges,Program: Paris - Bruges,10,2,EN,exact,177,Day 10: Pont Malin – Denain | Denain – Doornik (Tournai),Optie 2,56.0,0.45,219.6,Hoog,True
31601289,Tournai - Oudenaarde (flat) 41 km ENG 2026,France and Belgium: Paris - Bruges,Program: Paris - Bruges,11,1,EN,exact,178,Day 11: Doornik (Tournai) – Oudenaarde,Optie 1,41.0,0.05,116.9,Hoog,True
26964754,Tournai - Oudenaarde (hill) 50 km ENG 2026,France and Belgium: Paris - Bruges,Program: Paris - Bruges,11,2,EN,exact,178,Day 11: Doornik (Tournai) – Oudenaarde,Optie 2,50.0,0.36,367.0,Hoog,True
31612237,Ghent (Lovendegem) - Bruges (via Bulskampveld) 49 km ENG 2026,France and Belgium: Paris - Bruges,Program: Paris - Bruges,12,1,EN,exact,179,Day 12: Oudenaarde – Ghent,Optie 1,51.0,1.88,185.6,Redelijk,True
26848655,Bruges - De Haan (loop) 51 km ENG 2026,France and Belgium: Paris - Bruges,Program: Paris - Bruges,13,1,EN,exact,180,Day 13: Ghent – Bruges,Optie 1,49.0,2.41,152.0,Redelijk,True
26848663,Bruges - Lissewege (loop) 38 km ENG 2026,France and Belgium: Paris - Bruges,Program: Paris - Bruges,14,1,EN,exact,181,Day 14: Bruges,Optie 1,38.0,0.09,124.6,Hoog,True
44702420,Bruges - Sluis (loop) 54 km ENG 2026,France and Belgium: Paris - Bruges,Program: Paris - Bruges,14,2,EN,exact,181,Day 14: Bruges,Optie 2,54.0,0.35,190.6,Hoog,True
53718253,Medemblik - Enkhuizen (via coast) 24 km ENG 2026,Sail & Bike Wadden Sea,Program: Frisian Sea,2,1,EN,exact,199,Day 2: Enkhuizen – Medemblik | Medemblik – Texel,Optie 1,24.0,0.2,71.4,Hoog,True
19544568,Enkhuizen - Medemblik (via Twisk) 40 km ENG 2026,Sail & Bike Wadden Sea,Program: Frisian Sea,2,2,EN,exact,199,Day 2: Enkhuizen – Medemblik | Medemblik – Texel,Optie 2,40.0,0.46,96.3,Hoog,True
50251014,Texel (loop Oudeschild) 42 km ENG 2026,Sail & Bike Wadden Sea,Program: Frisian Sea,3,1,EN,exact,200,"Day 3: Texel, roundtrip from/to Oudeschild",Optie 1,40.0,1.53,139.1,Redelijk,True
32288316,Texel (loop ferry) 49 km ENG 2026,Sail & Bike Wadden Sea,Program: Frisian Sea,3,2,EN,exact,200,"Day 3: Texel, roundtrip from/to Oudeschild",Optie 2,49.0,0.52,151.3,Hoog,True
32355971,"Den Helder: Ship - Ferry 2,1 km ENG 2026",Sail & Bike Wadden Sea,Program: Frisian Sea,5,1,EN,exact,202,Day 5: Terschelling roundtrip | Terschelling – Harlingen,Optie 1,0.0,2.09,7.8,Laag (niet toegepast),False
55597217,Makkum - Franeker - Harlingen (via kust) 40 km ENG 2026,Sail & Bike Wadden Sea,Program: Frisian Sea,6,1,EN,exact,203,Day 6: Harlingen – Franeker – Makkum,Optie 1,40.0,0.4,104.8,Hoog,True
50251101,Harlingen - Franeker - Makkum (via Bolsward) 45 km ENG 2026,Sail & Bike Wadden Sea,Program: Frisian Sea,6,2,EN,exact,203,Day 6: Harlingen – Franeker – Makkum,Optie 2,45.0,0.12,129.0,Hoog,True
34640705,Stavoren - Makkum 30 km ENG 2026,Sail & Bike Wadden Sea,Program: Frisian Sea,7,1,EN,exact,204,Day 7: Makkum – Stavoren | Stavoren - Enkhuizen,Optie 1,28.0,1.86,66.8,Redelijk,True
34640696,Stavoren - Makkum (via Bolsward) 49 km ENG 2026 Self Guided,Sail & Bike Wadden Sea,Program: Frisian Sea,7,2,EN,exact,204,Day 7: Makkum – Stavoren | Stavoren - Enkhuizen,Optie 2,48.0,0.86,120.9,Hoog,True
53668708,Wageningen - Arnhem (via Veluwe) DEU 43 km 2026,Netherlands: Hansa Highlights,Program: Hanseatic highlights,2,1,DE,exact,215,Day 2: Wijk bij Duurstede – Wageningen | Wageningen – Arnhem,Optie 1,44.0,0.49,252.7,Hoog,True
53668743,Doesburg - Deventer (über Zutphen) 45 km DEU 2026,Netherlands: Hansa Highlights,Program: Hanseatic highlights,3,1,DE,exact,216,Day 3: Arnhem – Doesburg | Doesburg – Zutphen – Deventer,Optie 1,45.0,0.08,170.7,Hoog,True
50375800,Deventer - Kampen 51 km ENG 2026,Netherlands: Hansa Highlights,Program: Hanseatic highlights,3,2,EN,exact,216,Day 3: Arnhem – Doesburg | Doesburg – Zutphen – Deventer,Optie 2,55.0,4.37,215.0,Redelijk,True
53668718,Wijhe - Kampen (über Hattem) 38 km DEU 2026,Netherlands: Hansa Highlights,Program: Hanseatic highlights,4,1,DE,exact,217,Day 4: Deventer – Wijhe | Wijhe – Kampen,Optie 1,40.0,2.38,151.2,Redelijk,True
53668747,Doesburg - Deventer (über Wichmond & Zutphen) 57 km DEU 2026,Netherlands: Hansa Highlights,Program: Hanseatic highlights,4,2,DE,exact,217,Day 4: Deventer – Wijhe | Wijhe – Kampen,Optie 2,56.0,0.96,226.0,Hoog,True
53668720,Wijhe - Kampen (über Heerde / Hattem) 48 km DEU 2026,Netherlands: Hansa Highlights,Program: Hanseatic highlights,5,1,DE,exact,218,Day 5: Kampen – Elburg – Harderwijk,Optie 1,48.0,0.36,208.7,Hoog,True
53668724,Wijhe - Kampen (über Heerde / Hattem / Zwolle) 58 km DEU 2026,Netherlands: Hansa Highlights,Program: Hanseatic highlights,5,2,DE,exact,218,Day 5: Kampen – Elburg – Harderwijk,Optie 2,56.0,1.79,234.8,Redelijk,True
53668728,Kampen - Harderwijk (über Elburg) 48 km DEU 2026,Netherlands: Hansa Highlights,Program: Hanseatic highlights,6,1,DE,exact,219,Day 6: Harderwijk – Spakenburg – Huizen,Optie 1,45.0,2.68,133.8,Redelijk,True
53668730,"Kampen - Harderwijk (über Flevoland, Elburg & Nunspeet) 59 km DEU 2026",Netherlands: Hansa Highlights,Program: Hanseatic highlights,6,2,DE,exact,219,Day 6: Harderwijk – Spakenburg – Huizen,Optie 2,56.0,2.56,226.6,Redelijk,True
55135334,Huizen - Amsterdam (Tolhuis-Buikslotermeer) 35 km DEU 2026,Netherlands: Hansa Highlights,Program: Hanseatic highlights,7,1,DE,exact,220,Day 7: Huizen – Naarden – Muiden – Amsterdam,Optie 1,35.0,0.35,138.1,Hoog,True
31572538,Zaandam - Hoorn 41 km DEU 2023,Holland: Best of Holland,Program: Best of Holland,2,1,DE,exact,246,Day 2: Zaandam – Zaanse Schans – Beemster – Hoorn,Optie 1,41.0,0.6,88.8,Hoog,True
,Volendam-Diemen 47 km DEU 2022,Holland: Best of Holland,Program: Best of Holland,2,2,DE,not_found,246,Day 2: Zaandam – Zaanse Schans – Beemster – Hoorn,Optie 2,51.0,4.24,152.8,Laag (niet toegepast),False
,Volendam-Diemen 39 km DEU 2022,Holland: Best of Holland,Program: Best of Holland,3,1,DE,not_found,247,Day 3: Hoorn – Volendam | Volendam – Marken (ferry) | Marken – Waterland – Weesp,Optie 1,39.0,3.71,138.5,Redelijk,True
31572539,Zaandam - Hoorn 50 km DEU 2023,Holland: Best of Holland,Program: Best of Holland,3,2,DE,exact,247,Day 3: Hoorn – Volendam | Volendam – Marken (ferry) | Marken – Waterland – Weesp,Optie 2,46.0,0.58,117.7,Hoog,True
30556288,Oude Wetering - Nieuwe Meer 29 km DEU 2025,Holland: Best of Holland,Program: Best of Holland,4,1,DE,exact,248,Day 4: Utrecht – Schoonhoven | Schoonhoven – Dordrecht,Optie 1,32.0,2.99,92.0,Laag (niet toegepast),False
,Schoonhoven - Alblasserdam - Rotterdam(Coolhaven) 32+3 km DEU 2022,Holland: Best of Holland,Program: Best of Holland,4,2,DE,not_found,248,Day 4: Utrecht – Schoonhoven | Schoonhoven – Dordrecht,Optie 2,53.0,2.1,205.9,Redelijk,True
,Rotterdam (Coolhaven) - Gouda 35 km DEU 2022,Holland: Best of Holland,Program: Best of Holland,5,1,DE,not_found,249,Day 5: Dordrecht – Alblasserdam (Waterbus) | Alblasserdam – Gouda,Optie 1,37.0,2.34,119.3,Redelijk,True
,Gouda - Oude Wetering 54 km DEU 2024,Holland: Best of Holland,Program: Best of Holland,5,2,DE,not_found,249,Day 5: Dordrecht – Alblasserdam (Waterbus) | Alblasserdam – Gouda,Optie 2,52.0,2.1,140.9,Redelijk,True
,Gouda - Oude Wetering 32 km DEU 2022,Holland: Best of Holland,Program: Best of Holland,6,1,DE,not_found,250,Day 6: Gouda – Leiden – Uithoorn,Optie 1,33.0,1.11,74.7,Redelijk,True
,Rotterdam (Coolhaven) - Gouda 50 km DEU 2022,Holland: Best of Holland,Program: Best of Holland,6,2,DE,not_found,250,Day 6: Gouda – Leiden – Uithoorn,Optie 2,52.0,1.93,149.8,Redelijk,True
,Waterland Rundtour (Buiksloterweg) 28 km DEU 2022,Holland: Best of Holland,Program: Best of Holland,7,1,DE,not_found,251,Day 7: Uithoorn – Amsterdam,Optie 1,26.0,1.67,88.4,Laag (niet toegepast),False
26664650,Montargis (loop) 43 km ENG 2026,France: Paris - Montargis,Montargis - Paris,2,1,EN,exact,282,Day 2: Montargis,Optie 1,45.0,1.66,285.0,Redelijk,True
49159316,Moret - Nemours (via Darvault) 39 km ENG 2026,France: Paris - Montargis,Montargis - Paris,3,1,EN,exact,283,Day 3: Montargis – lock of Cepoy | lock of Cepoy – Néronville,Optie 1,39.0,0.1,208.0,Laag (niet toegepast),False
49159317,Neronville - Montargis 43 km ENG 2026,France: Paris - Montargis,Montargis - Paris,3,2,EN,exact,283,Day 3: Montargis – lock of Cepoy | lock of Cepoy – Néronville,Optie 2,46.0,2.87,258.9,Redelijk,True
31558812,Nemours - Neronville 32 km ENG 2026,France: Paris - Montargis,Montargis - Paris,4,1,EN,exact,284,Day 4: Néronville – Nemours,Optie 1,29.0,3.02,172.1,Redelijk,True
49159315,Moret - Nemours (via Darvault) 50 km ENG 2026,France: Paris - Montargis,Montargis - Paris,4,2,EN,exact,284,Day 4: Néronville – Nemours,Optie 2,43.0,3.41,278.3,Redelijk,True
56136116,"Moret (loop, Gray) 27km ENG 2026",France: Paris - Montargis,Montargis - Paris,5,1,EN,exact,285,Day 5: Nemours – Moret-sur-Loing,Optie 1,32.0,4.7,161.3,Redelijk,True
22953130,Melun - Moret (via Barbizon & Fontainebleau) 40 km ENG 2026,France: Paris - Montargis,Montargis - Paris,5,2,EN,exact,285,Day 5: Nemours – Moret-sur-Loing,Optie 2,43.0,2.82,264.6,Redelijk,True
55465649,"Moret - Nemours  40 km ENG 2026 (via Rochess, gravel)",France: Paris - Montargis,Montargis - Paris,6,1,EN,exact,286,Day 6: Moret-sur-Loing – Melun,Optie 1,40.0,0.02,400.8,Hoog,True
56135908,Melun (loop) 31km ENG 2026,France: Paris - Montargis,Montargis - Paris,7,1,EN,exact,287,Day 7: Melun – lock of Evry  | lock of Evry – Paris,Optie 1,31.0,0.32,182.4,Hoog,True
26783923,Evry - Melun 30 km DEU 2025,France: Paris - Montargis,Paris - Montargis,2,1,DE,exact,290,Day 2: Evry – Melun,Optie 1,30.0,0.55,138.5,Hoog,True
26783930,Melun - Moret 40 km DEU 2025,France: Paris - Montargis,Paris - Montargis,,1,DE,exact,291,Dag 3: Melun – Moret-sur-Loing,Optie 1,40.0,0.15,250.1,Hoog,True
26783935,Moret - Nemours 38 km DEU 2025,France: Paris - Montargis,Paris - Montargis,4,1,DE,exact,292,Day 4: Moret-sur-Loing – Nemours,Optie 1,38.0,0.03,235.6,Hoog,True
26783931,Moret - Nemours 49 km DEU 2025,France: Paris - Montargis,Paris - Montargis,4,2,DE,exact,292,Day 4: Moret-sur-Loing – Nemours,Optie 2,49.0,0.13,347.2,Hoog,True
26783936,Nemours - Neronville 35 km DEU 2025,France: Paris - Montargis,Paris - Montargis,5,1,DE,exact,293,Day 5: Nemours – Néronville,Optie 1,35.0,0.06,172.7,Hoog,True
31674780,Nemours - Neronville 45 km DEU 2025,France: Paris - Montargis,Paris - Montargis,5,2,DE,exact,293,Day 5: Nemours – Néronville,Optie 2,45.0,3.29,216.1,Redelijk,True
31679377,Neronville - Montargis 31 km DEU 2025,France: Paris - Montargis,Paris - Montargis,6,1,DE,exact,294,Day 6: Néronville – Montargis,Optie 1,31.0,0.62,254.1,Hoog,True
31582328,Neronville - Montargis 55 km DEU 2025,France: Paris - Montargis,Paris - Montargis,6,2,DE,exact,294,Day 6: Néronville – Montargis,Optie 2,55.0,0.93,356.0,Hoog,True
26783939,Montargis loop 44 km DEU 2025,France: Paris - Montargis,Paris - Montargis,7,1,DE,exact,295,Day 7: Montargis,Optie 1,45.0,1.7,278.8,Redelijk,True
54360745,Amsterdam (Buiksloterweg) - Zaanse Schans 23 km ENG 2026 (white label),Holland: Tulip Tour 5 days,Program: Tulip 5 days F,2,1,EN,exact,314,Day 2: Zaandam – Zaanse Schans – Zaandam | Zaandam – Haarlem,Optie 1,24.0,0.65,74.6,Hoog,True
54360748,Amsterdam (Buiksloterweg) - Zaanse Schans - Purmerend 34 km ENG 2026 (white label),Holland: Tulip Tour 5 days,Program: Tulip 5 days F,2,2,EN,exact,314,Day 2: Zaandam – Zaanse Schans – Zaandam | Zaandam – Haarlem,Optie 2,34.0,0.33,94.8,Hoog,True
54360769,Haarlem (Spaarndamseweg) - Keukenhof - Leiden 38 km ENG 2026 (white label),Holland: Tulip Tour 5 days,Program: Tulip 5 days F,3,1,EN,exact,315,Day 3: Haarlem – Keukenhof – Oude Wetering,Optie 1,38.0,0.44,132.3,Hoog,True
54360766,Haarlem (Spaarndamseweg) - Keukenhof - Oude Wetering 55 km ENG 2026 (white label),Holland: Tulip Tour 5 days,Program: Tulip 5 days F,3,2,EN,exact,315,Day 3: Haarlem – Keukenhof – Oude Wetering,Optie 2,55.0,0.37,200.5,Hoog,True
54360747,Amsterdam (Buiksloterweg) - Zaanse Schans - Zaandam 28 km ENG 2026 (white label),Holland: Tulip Tour 5 days,Program: Tulip 5 days F,4,1,EN,exact,316,Day 4: Oude Wetering –Nieuwe Meer | Nieuwe Meer – Amsterdam,Optie 1,28.0,0.09,94.6,Laag (niet toegepast),False
26578994,Haarlem - Nordsee - Haarlem 50 km DEU 2026,Holland: Tulip Tour 5 days,Tulip 5 day 2027,2,1,DE,exact,319,Day 2: Haarlem - Keukenhof - Haarlem,Optie 1,50.0,0.05,242.3,Hoog,True
,Amsterdam (Minerva) - Haarlem - Amsterdam (Minerva) 50 km DEU 2024,Holland: Tulip Tour 5 days,Tulip 5 day 2027,3,1,DE,not_found,320,Day 3: Haarlem - Alkmaar,Optie 1,50.0,0.25,185.2,Hoog,True
52509702,Amsterdam (Minerva) - Haarlem (loop) 40 km ENG 2026,Holland: Tulip Tour 5 days,Tulip 5 day 2027,4,1,EN,exact,321,Day 4: Alkmaar - Zaanse Schans | Zaanse Schans - Amsterdam,Optie 1,41.0,0.79,142.6,Hoog,True
44712627,Ghent (city) - Lovendegem 10 km ENG 2026,Holland and Belgium Relax Tour - 11 days,Amsterdam - Bruges,1,1,EN,exact,331,Day 1: Amsterdam – Weesp | test ride in Weesp,Optie 1,11.0,0.6,30.2,Laag (niet toegepast),False
55465210,Bergen op Zoom - Antwerpen over Woensdrecht 46 km,Holland and Belgium Relax Tour - 11 days,Amsterdam - Bruges,2,1,,exact,332,Day 2: Weesp – Utrecht | Utrecht – Vianen,Optie 1,47.0,0.65,258.9,Laag (niet toegepast),False
26848645,Aalter-Brug - Bruges 22 km ENG 2026,Holland and Belgium Relax Tour - 11 days,Amsterdam - Bruges,3,1,EN,exact,333,Day 3: Vianen – Schoonhoven – Kinderdijk – Alblasserdam,Optie 1,22.0,0.05,76.7,Laag (niet toegepast),False
26848529,Vianen - Kinderdijk - Alblasserdam //  Dordrecht 57 km ENG 2026,Holland and Belgium Relax Tour - 11 days,Amsterdam - Bruges,3,2,EN,exact,333,Day 3: Vianen – Schoonhoven – Kinderdijk – Alblasserdam,Optie 2,57.0,0.12,138.8,Hoog,True
43208212,Willemstad - Bergen op Zoom (via Steenbergen) 44 km ENG 2026,Holland and Belgium Relax Tour - 11 days,Amsterdam - Bruges,4,1,EN,exact,334,Day 4: Dordrecht – Willemstad | Willemstad – Tholen,Optie 1,44.0,0.33,146.6,Redelijk,True
31460505,Tholen - Kreekrak (east) 23 km ENG 2026,Holland and Belgium Relax Tour - 11 days,Amsterdam - Bruges,5,1,EN,exact,335,Day 5: Tholen – Kreekrak lock | Kreekrak locks –,Optie 1,20.0,2.48,49.6,Redelijk,True
31460434,Tholen - Kreekrak (east) 33 km ENG 2026,Holland and Belgium Relax Tour - 11 days,Amsterdam - Bruges,5,2,EN,exact,335,Day 5: Tholen – Kreekrak lock | Kreekrak locks –,Optie 2,36.0,3.37,146.1,Redelijk,True
31555120,Antwerp - St. Amands (via Waterbus) 30 km ENG 2026,Holland and Belgium Relax Tour - 11 days,Amsterdam - Bruges,7,1,EN,exact,337,Day 7: Antwerp – Temse – St. Amands,Optie 1,34.0,3.52,126.7,Redelijk,True
31554812,Antwerp  - Dendermonde (via Waterbus) 42 ENG 2026,Holland and Belgium Relax Tour - 11 days,Amsterdam - Bruges,7,2,EN,exact,337,Day 7: Antwerp – Temse – St. Amands,Optie 2,49.0,0.57,182.3,Hoog,True
31554711,Antwerp - Dendermonde 53 km ENG 2026,Holland and Belgium Relax Tour - 11 days,Amsterdam - Bruges,8,1,EN,exact,338,Day 8: St. Amands – Dendermonde | Dendermonde – Ghent,Optie 1,52.0,0.9,192.3,Hoog,True
29010740|53844944|53899229,Bruges - Damme (loop) 22 km ENG 2026,Holland and Belgium Relax Tour - 11 days,Amsterdam - Bruges,9,1,EN,ambiguous,339,Day 9: Ghent – Bruges,Optie 1,22.0,0.56,79.6,Hoog,True
31465355,Dendermonde - Ghent (city) 45 km ENG 2026,Holland and Belgium Relax Tour - 11 days,Amsterdam - Bruges,9,2,EN,exact,339,Day 9: Ghent – Bruges,Optie 2,45.0,0.27,166.0,Hoog,True
26848663,Bruges - Lissewege (loop) 38 km ENG 2026,Holland and Belgium Relax Tour - 11 days,Amsterdam - Bruges,10,1,EN,exact,340,Day 10: Tour around Bruges to the North Sea,Optie 1,38.0,0.09,124.6,Hoog,True
26883959|53899228,Test ride: Bruges 11 km ENG 2026,Holland and Belgium Relax Tour - 11 days,Bruges - Amsterdam,1,1,EN,ambiguous,342,Day 1: Bruges,Optie 1,11.0,0.16,39.7,Hoog,True
26848663,Bruges - Lissewege (loop) 38 km ENG 2026,Holland and Belgium Relax Tour - 11 days,Bruges - Amsterdam,2,1,EN,exact,343,Day 2: Roundtrip from/to Bruges & North Sea,Optie 1,38.0,0.09,124.6,Hoog,True
31540193,Ghent (Merelbeke) - Dendermonde 39 km ENG 2026,Holland and Belgium Relax Tour - 11 days,Bruges - Amsterdam,3,1,EN,exact,344,Day 3: Bruges – Aalterbrug | Aalterbrug – Ghent,Optie 1,37.0,1.63,126.0,Redelijk,True
31571526,Breukelen - Amsterdam (Oosterdok) 47 km ENG 2026,Holland and Belgium Relax Tour - 11 days,Bruges - Amsterdam,3,2,EN,exact,344,Day 3: Bruges – Aalterbrug | Aalterbrug – Ghent,Optie 2,45.0,1.99,148.5,Laag (niet toegepast),False
26884038,Tholen - Willemstad (via Steenbergen) 42 km ENG 2026,Holland and Belgium Relax Tour - 11 days,Bruges - Amsterdam,4,1,EN,exact,345,Day 4: Ghent – Dendermonde/St. Amands,Optie 1,40.0,2.4,105.2,Laag (niet toegepast),False
49141390,Bruges - Ghent (city) (via Bulskampveld) 57 km ENG 2026,Holland and Belgium Relax Tour - 11 days,Bruges - Amsterdam,4,2,EN,exact,345,Day 4: Ghent – Dendermonde/St. Amands,Optie 2,55.0,1.59,226.1,Redelijk,True
31540472,St. Amands - Antwerp (via waterbus) 30+7 km ENG 2026,Holland and Belgium Relax Tour - 11 days,Bruges - Amsterdam,5,1,EN,exact,346,Day 5: St. Amands – Temse – Antwerp,Optie 1,33.0,4.33,124.0,Redelijk,True
31571337,Dendermonde - Antwerp (via waterbus) 42+8 km ENG 2026,Holland and Belgium Relax Tour - 11 days,Bruges - Amsterdam,5,2,EN,exact,346,Day 5: St. Amands – Temse – Antwerp,Optie 2,49.0,1.07,174.7,Redelijk,True
31540657,Kreekrak (east) - Tholen 23 km ENG 2026,Holland and Belgium Relax Tour - 11 days,Bruges - Amsterdam,7,1,EN,exact,348,Day 7: Antwerp – Kreekrak locks | Kreekrak loDay 7: Antwerp – Kreekrak locks | K,Optie 1,20.0,2.45,40.7,Redelijk,True
26816550,St. Amands - Antwerp 40 km ENG 2026,Holland and Belgium Relax Tour - 11 days,Bruges - Amsterdam,7,2,EN,exact,348,Day 7: Antwerp – Kreekrak locks | Kreekrak loDay 7: Antwerp – Kreekrak locks | K,Optie 2,36.0,4.44,158.4,Redelijk,True
31540619,Kreekrak (east) - Tholen 32 km ENG 2026,Holland and Belgium Relax Tour - 11 days,Bruges - Amsterdam,8,1,EN,exact,349,Day 8: Tholen – Willemstad | Willemstad – Dordrecht,Optie 1,36.0,3.57,112.3,Redelijk,True
26884027,Tholen - Willemstad (via Oud Vossemeer) 46 km ENG 2026,Holland and Belgium Relax Tour - 11 days,Bruges - Amsterdam,8,2,EN,exact,349,Day 8: Tholen – Willemstad | Willemstad – Dordrecht,Optie 2,44.0,1.52,107.3,Redelijk,True
31544016,Dordrecht // Alblasserdam - Kinderdijk - Schoonhoven 32 km ENG 2026,Holland and Belgium Relax Tour - 11 days,Bruges - Amsterdam,9,1,EN,exact,350,Day 9: Dordrecht – Alblasserdam (waterbus ferry) | Alblasserdam – Kinderdijk – S,Optie 1,32.0,0.43,72.2,Hoog,True
26884044,Dordrecht // Alblasserdam - Kinderdijk - Vianen 57 km ENG 2026,Holland and Belgium Relax Tour - 11 days,Bruges - Amsterdam,9,2,EN,exact,350,Day 9: Dordrecht – Alblasserdam (waterbus ferry) | Alblasserdam – Kinderdijk – S,Optie 2,57.0,0.01,137.1,Hoog,True
31571536,Breukelen - Amsterdam (Oosterdok) 38 km ENG 2026,Holland and Belgium Relax Tour - 11 days,Bruges - Amsterdam,10,1,EN,exact,351,Day 10: Vianen – Breukelen | Breukelen – Amsterdam,Optie 1,37.0,1.05,110.6,Redelijk,True
41699453,Bruges - Ghent (city) (via Aalter-Brug) 51 km ENG 2026,Holland and Belgium Relax Tour - 11 days,Bruges - Amsterdam,10,2,EN,exact,351,Day 10: Vianen – Breukelen | Breukelen – Amsterdam,Optie 2,47.0,3.81,151.6,Laag (niet toegepast),False
42629297,Den Oever - Medemblik 43km ENG,Holland: Sail and Bike Tulip Tour,Program Wapen/Leafde FF,4,1,EN,exact,356,Day 4: Wadden island of Texel: round trip | Oudeschild – Den Helder,Optie 1,43.0,0.87,125.5,Laag (niet toegepast),False
31093349,Texel (loop Oudeschild) 50 km ENG 2026 reverse,Holland: Sail and Bike Tulip Tour,Program Wapen/Leafde FF,4,2,EN,exact,356,Day 4: Wadden island of Texel: round trip | Oudeschild – Den Helder,Optie 2,48.0,1.71,156.9,Redelijk,True
32290027,Medemblik - Enkhuizen (via Hoorn ) 52 km ENG 2026 (N),Holland: Sail and Bike Tulip Tour,Program Wapen/Leafde FF,5,2,EN,exact,357,Day 5: Den Helder – St. Maartensvlotbrug | St. Maartensvlotbrug – Alkmaar,Optie 2,53.0,0.88,141.6,Laag (niet toegepast),False
26853736,Zaandam - Hoorn 50 km ENG 2023,Holland: Sail and Bike Tulip Tour,Program Wapen/Leafde FF,6,1,EN,exact,358,Day 6: Alkmaar – Zaandam,Optie 1,47.0,1.77,119.2,Redelijk,True
26853736,Zaandam - Hoorn 50 km ENG 2023,Holland: Sail and Bike Tulip Tour,Program Mare fan Fryslan,2,1,EN,exact,402,Day 2: Zaandam – Alkmaar,Optie 1,47.0,1.77,119.2,Redelijk,True
32290027,Medemblik - Enkhuizen (via Hoorn ) 52 km ENG 2026 (N),Holland: Sail and Bike Tulip Tour,Program Mare fan Fryslan,3,2,EN,exact,403,Day 3: Alkmaar – Den Helder,Optie 2,50.0,2.12,141.6,Laag (niet toegepast),False
42629297,Den Oever - Medemblik 43km ENG,Holland: Sail and Bike Tulip Tour,Program Mare fan Fryslan,4,1,EN,exact,404,Day 4: Den Helder – Oudeschild | Wadden island of Texel: round trip,Optie 1,43.0,0.87,125.5,Laag (niet toegepast),False
31093349,Texel (loop Oudeschild) 50 km ENG 2026 reverse,Holland: Sail and Bike Tulip Tour,Program Mare fan Fryslan,4,2,EN,exact,404,Day 4: Den Helder – Oudeschild | Wadden island of Texel: round trip,Optie 2,48.0,1.71,156.9,Redelijk,True
29122506,Volendam (loop) 35 km ENG 2026,Sail and Bike IJsselmeer + National Parks,Program: IJsselmeer + National parks,2,1,EN,exact,450,Day 2:  Monnickendam / Volendam | Volendam – Hoorn,Optie 1,35.0,0.44,91.1,Hoog,True
27138155,Volendam (loop) 48 km ENG 2026,Sail and Bike IJsselmeer + National Parks,Program: IJsselmeer + National parks,2,2,EN,exact,450,Day 2:  Monnickendam / Volendam | Volendam – Hoorn,Optie 2,48.0,0.06,108.8,Hoog,True
27138290|54994027,Hoorn - Enkhuizen (via coast) 26 km ENG 2026,Sail and Bike IJsselmeer + National Parks,Program: IJsselmeer + National parks,3,1,EN,ambiguous,451,Day 3: Hoorn – Enkhuizen | Enkhuizen – Urk,Optie 1,26.0,0.04,61.3,Hoog,True
29122747,Hoorn - Enkhuizen (via Midwoud) 44 km ENG 2026,Sail and Bike IJsselmeer + National Parks,Program: IJsselmeer + National parks,3,2,EN,exact,451,Day 3: Hoorn – Enkhuizen | Enkhuizen – Urk,Optie 2,44.0,0.01,116.6,Hoog,True
48396573,Vollenhove - Schokkerhaven (via Schokland) 30 km ENG 2026,Sail and Bike IJsselmeer + National Parks,Program: IJsselmeer + National parks,4,1,EN,exact,452,Day 4:  Urk – Vollenhove,Optie 1,30.0,0.02,128.3,Hoog,True
29126796,Vollenhove - Giethoorn 40 km ENG 2026,Sail and Bike IJsselmeer + National Parks,Program: IJsselmeer + National parks,4,2,EN,exact,452,Day 4:  Urk – Vollenhove,Optie 2,44.0,3.98,94.0,Redelijk,True
40760446,Giethoorn - Vollehove 40 km ENG 2026,Sail and Bike IJsselmeer + National Parks,Program: IJsselmeer + National parks,5,1,EN,exact,453,Day 5: Vollenhove – Giethoorn,Optie 1,40.0,0.27,112.9,Hoog,True
40760519,Giethoorn - Vollehove 53 km ENG 2026,Sail and Bike IJsselmeer + National Parks,Program: IJsselmeer + National parks,5,2,EN,exact,453,Day 5: Vollenhove – Giethoorn,Optie 2,52.0,1.35,157.8,Redelijk,True
29204691,Lelystad - Blocq van Kuffeler 20 km ENG 2026,Sail and Bike IJsselmeer + National Parks,Program: IJsselmeer + National parks,7,1,EN,exact,455,Day 7: Lelystad – Blocq van Kuffeler | Blocq v.K – Amsterdam,Optie 1,20.0,0.19,25.0,Hoog,True
27138465,Lelystad - Blocq van Kuffeler 29 km ENG 2026,Sail and Bike IJsselmeer + National Parks,Program: IJsselmeer + National parks,7,2,EN,exact,455,Day 7: Lelystad – Blocq van Kuffeler | Blocq v.K – Amsterdam,Optie 2,29.0,0.5,53.7,Hoog,True
53331578,"Spaarndam - Haarlem (Spaarndamseweg) 6,7 km ENG 2026",Holland: Tulip Tour Premium 8days,Program: Tulip8 Prem,1,1,EN,exact,505,Day 1: Amsterdam – Spaarndam | Spaarndam – Haarlem,Optie 1,6.0,0.66,25.6,Hoog,True
28999000,Spaarndam - Haarlem (city) 14 km ENG 2026,Holland: Tulip Tour Premium 8days,Program: Tulip8 Prem,1,2,EN,exact,505,Day 1: Amsterdam – Spaarndam | Spaarndam – Haarlem,Optie 2,14.0,0.16,55.9,Hoog,True
46084169,Leiden - Gouda 38 km ENG 2026,Holland: Tulip Tour Premium 8days,Program: Tulip8 Prem,2,1,EN,exact,506,Day 2: Haarlem – Keukenhof – Leiden,Optie 1,38.0,0.1,112.6,Hoog,True
54915153,Leiden - Gouda 36 km ENG 2026 Zoeterwoude,Holland: Tulip Tour Premium 8days,Program: Tulip8 Prem,3,1,EN,exact,507,Day 3: Leiden – Gouda,Optie 1,37.0,0.3,118.5,Hoog,True
54152900,Gouda - Uithoorn 43 km ENG 2026,Holland: Tulip Tour Premium 8days,Program: Tulip8 Prem,3,2,EN,exact,507,Day 3: Leiden – Gouda,Optie 2,43.0,0.23,106.6,Hoog,True
54152896,Alphen a/d Rijn - Uithoorn 24 km ENG 2026,Holland: Tulip Tour Premium 8days,Program: Tulip8 Prem,4,1,EN,exact,508,Day 4: Gouda – Alphen a/d Rijn | Alphen a/d Rijn – Kudelstaart or Oude Wetering,Optie 1,20.0,4.41,63.2,Redelijk,True
19010780,Leiden - Gouda 46 km ENG 2026,Holland: Tulip Tour Premium 8days,Program: Tulip8 Prem,4,2,EN,exact,508,Day 4: Gouda – Alphen a/d Rijn | Alphen a/d Rijn – Kudelstaart or Oude Wetering,Optie 2,44.0,2.46,113.6,Redelijk,True
31294794,Amsterdam (Buiksloterweg) - Zaanse Schans - Purmerend 34 km ENG 2026,Holland: Tulip Tour Premium 8days,Program: Tulip8 Prem,5,1,EN,exact,509,Day 5: Kudelstaart/Oude Wetering – Flower auction | Aalsmeer – Amsterdam | Amste,Optie 1,32.0,2.33,94.9,Laag (niet toegepast),False
54535033,Haarlem (Spaarndamseweg) - Alkmaar (via Heiloo) 41 km ENG 2026,Holland: Tulip Tour Premium 8days,Program: Tulip8 Prem,6,1,EN,exact,510,Day 6: Zaanse Schans/Zaandam – Alkmaar,Optie 1,40.0,0.84,111.5,Hoog,True
50285202,Purmerend - Alkmaar (via Heiloo) 37 km ENG 2026,Holland: Tulip Tour Premium 8days,Program: Tulip8 Prem,7,1,EN,exact,511,Day 7: Alkmaar – Amsterdam,Optie 1,37.0,0.24,113.1,Hoog,True
54782493,Alkmaar - Haarlem (city) 54 km ENG 2026,Holland: Tulip Tour Premium 8days,Program: Tulip8 Prem,7,2,EN,exact,511,Day 7: Alkmaar – Amsterdam,Optie 2,54.0,0.13,250.2,Hoog,True
32028085,Haarlem (city) - Leiden (via Cruquius) 40 km ENG 2026,Holland: Green Heart of Holland Guided,Green Heart guided,2,1,EN,exact,578,Day 2: Amsterdam – Zaandam | Zaandam – Zaanse Schans – Haarlem,Optie 1,40.0,0.16,129.9,Hoog,True
19579488,Zaandam - Zaanse Schans - Haarlem (city) (via IJmuiden) 51 km ENG 2026,Holland: Green Heart of Holland Guided,Green Heart guided,2,2,EN,exact,578,Day 2: Amsterdam – Zaandam | Zaandam – Zaanse Schans – Haarlem,Optie 2,55.0,4.3,220.4,Redelijk,True
46285906,Haarlem (city) - Leiden (via dunes) 46 km ENG 2026,Holland: Green Heart of Holland Guided,Green Heart guided,3,1,EN,exact,579,Day 3: Haarlem – North Sea coast – Leiden,Optie 1,42.0,3.6,221.3,Redelijk,True
54392751,Leiden - Delft - Rotterdam (Cool- & Maashaven) 50 km ENG 2026,Holland: Green Heart of Holland Guided,Green Heart guided,3,2,EN,exact,579,Day 3: Haarlem – North Sea coast – Leiden,Optie 2,50.0,0.0,179.9,Redelijk,True
19579563,Leiden - Delft (via Zoetermeer) 32 km ENG 2026,Holland: Green Heart of Holland Guided,Green Heart guided,4,1,EN,exact,580,Day 4: Leiden – Delft,Optie 1,35.0,2.81,101.8,Redelijk,True
27286956,Leiden - Delft (via Den Haag) 38 km ENG 2026,Holland: Green Heart of Holland Guided,Green Heart guided,4,2,EN,exact,580,Day 4: Leiden – Delft,Optie 2,41.0,3.48,152.3,Redelijk,True
55819929,Bosrandbrug - Amsterdam (Veemkade) 23 km ENG 2026,Holland: Green Heart of Holland Guided,Green Heart guided,5,1,EN,exact,581,Day 5: Delft – Rotterdam – Kinderdijk | Kinderdijk – Schoonhoven – Gouda,Optie 1,23.0,0.0,80.4,Laag (niet toegepast),False
53330077,Alblasserdam - Kinderdijk - Gouda (via Schoonhoven) 44 km ENG 2026,Holland: Green Heart of Holland Guided,Green Heart guided,6,1,EN,exact,582,Day 6: Gouda – Kudelstaart,Optie 1,45.0,1.43,112.1,Redelijk,True
19438807,Gouda - Kudelstaart 54 km ENG 2026,Holland: Green Heart of Holland Guided,Green Heart guided,6,2,EN,exact,582,Day 6: Gouda – Kudelstaart,Optie 2,55.0,1.19,136.7,Redelijk,True
47018629,Bosrandbrug - Amsterdam (Oosterdok) 36 km ENG 2026,Holland: Green Heart of Holland Guided,Green Heart guided,7,1,EN,exact,583,Day 7: Kudelstaart – Aalsmeer – Amsterdam,Optie 1,32.0,3.65,143.3,Redelijk,True
46895866,Auxerre - Auxerre zonder Irancy  31 km DEU 2025  T,France: Northern Burgundy,Program: Auxerre - Moret-sur-Loing,2,1,DE,exact,628,Day 2: Auxerre,Optie 1,29.0,2.52,185.1,Redelijk,True
34330705,Auxerre - Migennes 43 km DEU 2025,France: Northern Burgundy,Program: Auxerre - Moret-sur-Loing,2,2,DE,exact,628,Day 2: Auxerre,Optie 2,44.0,0.44,215.3,Hoog,True
42012975,Auxerre- Migennes 30 km DEU 2025 via Cheny,France: Northern Burgundy,Program: Auxerre - Moret-sur-Loing,3,1,DE,exact,629,Day 3: Auxerre – Joigny,Optie 1,28.0,0.18,104.4,Hoog,True
46895870,Auxerre - Auxerre with Irancy  43 km DEU 2025 T 7L ,France: Northern Burgundy,Program: Auxerre - Moret-sur-Loing,3,2,DE,exact,629,Day 3: Auxerre – Joigny,Optie 2,43.0,0.68,323.4,Hoog,True
34330717,Villeneuve-sur-Yonne - Sens 28 km DEU 2025,France: Northern Burgundy,Program: Auxerre - Moret-sur-Loing,4,1,DE,exact,630,Day 4: Joigny – Villeneuve-sur-Yonne,Optie 1,28.0,0.34,95.0,Hoog,True
51789202,Pont-sur-Yonne - Montereau 44 km ENG 2025,France: Northern Burgundy,Program: Auxerre - Moret-sur-Loing,4,2,EN,exact,630,Day 4: Joigny – Villeneuve-sur-Yonne,Optie 2,43.0,0.47,369.3,Hoog,True
46895887,Villeneuf - Sens 30 km DEU 2025,France: Northern Burgundy,Program: Auxerre - Moret-sur-Loing,5,1,DE,exact,631,Day 5: Villeneuve-sur-Yonne – Sens,Optie 1,28.0,1.18,117.0,Redelijk,True
34330714,Villeneuve-sur-Yonne - Sens 52 km DEU 2025,France: Northern Burgundy,Program: Auxerre - Moret-sur-Loing,5,2,DE,exact,631,Day 5: Villeneuve-sur-Yonne – Sens,Optie 2,52.0,0.27,309.0,Hoog,True
34330724,Sens - Pont-sur-Yonne 20 km DEU 2025,France: Northern Burgundy,Program: Auxerre - Moret-sur-Loing,6,1,DE,exact,632,Day 6: Sens – Pont-sur-Yonne,Optie 1,20.0,0.66,81.0,Hoog,True
34330720,Sens - Pont-sur-Yonne 42 km DEU 2025,France: Northern Burgundy,Program: Auxerre - Moret-sur-Loing,6,2,DE,exact,632,Day 6: Sens – Pont-sur-Yonne,Optie 2,42.0,0.72,265.9,Hoog,True
43628563,Vinneuf - Moret  35km DEU 2025,France: Northern Burgundy,Program: Auxerre - Moret-sur-Loing,7,1,DE,exact,633,Day 7: Pont-sur-Yonne – Vinneuf | Vinneuf – Moret,Optie 1,35.0,0.09,250.2,Hoog,True
18687462,Moret - Melun (via Barbizon & Fontainebleau) 40 km ENG 2025,France: Northern Burgundy,Program: Auxerre - Moret-sur-Loing,7,2,EN,exact,633,Day 7: Pont-sur-Yonne – Vinneuf | Vinneuf – Moret,Optie 2,40.0,0.1,248.3,Hoog,True
43627670,Vinneuf - Moret 38 km ENG 2026,France: Northern Burgundy,Program: Moret-sur-Loing - Auxerre,2,1,EN,exact,644,Day 2: Moret – Montereau – Pont sur Yonne,Optie 1,37.0,1.23,284.0,Redelijk,True
55804426,Sens - Pont sur Yonne 42km ENG 2026 (T),France: Northern Burgundy,Program: Moret-sur-Loing - Auxerre,2,2,EN,exact,644,Day 2: Moret – Montereau – Pont sur Yonne,Optie 2,41.0,0.25,326.7,Hoog,True
32090971,Sens - Pont-sur-Yonne 20 km ENG 2025,France: Northern Burgundy,Program: Moret-sur-Loing - Auxerre,3,1,EN,exact,645,Day 3: Pont sur Yonne – Sens,Optie 1,20.0,0.66,81.0,Hoog,True
32091005,Sens - Pont-sur-Yonne 41 km ENG 2026,France: Northern Burgundy,Program: Moret-sur-Loing - Auxerre,3,2,EN,exact,645,Day 3: Pont sur Yonne – Sens,Optie 2,42.0,0.57,266.0,Hoog,True
45183015,Villeneuve-sur-Yonne - Sens 28 km ENG 2026,France: Northern Burgundy,Program: Moret-sur-Loing - Auxerre,4,1,EN,exact,646,Day 4: Sens – Villeneuve sur Yonne,Optie 1,28.0,0.11,115.8,Hoog,True
55804358,Villeneuve-sur-Yonne - Sens 52km ENG 2026 (T),France: Northern Burgundy,Program: Moret-sur-Loing - Auxerre,4,2,EN,exact,646,Day 4: Sens – Villeneuve sur Yonne,Optie 2,52.0,0.26,363.4,Hoog,True
55804417,Sens - Point sur Yonne 23km ENG 2026 (T),France: Northern Burgundy,Program: Moret-sur-Loing - Auxerre,5,1,EN,exact,647,Day 5: Villeneuve sur Yonne – Joigny,Optie 1,23.0,0.07,80.9,Hoog,True
51742031,Joigny - Sens 47 km ENG 2025 ,France: Northern Burgundy,Program: Moret-sur-Loing - Auxerre,5,2,EN,exact,647,Day 5: Villeneuve sur Yonne – Joigny,Optie 2,47.0,0.21,458.3,Hoog,True
34304345,Joigny (loop to winery) 23 km ENG 2026,France: Northern Burgundy,Program: Moret-sur-Loing - Auxerre,6,1,EN,exact,648,Day 6: Joigny – Auxerre,Optie 1,25.0,2.03,139.7,Redelijk,True
39609937,Auxerre - Joigny 37 km ENG 2026,France: Northern Burgundy,Program: Moret-sur-Loing - Auxerre,6,2,EN,exact,648,Day 6: Joigny – Auxerre,Optie 2,38.0,1.43,140.7,Redelijk,True
42998918,Auxerre - Vincelottes (loop) 32 km ENG 2026,France: Northern Burgundy,Program: Moret-sur-Loing - Auxerre,7,1,EN,exact,649,Day 7: Auxerre,Optie 1,30.0,1.51,185.5,Redelijk,True
41658564,Auxerre - Irancy (loop) 42 km ENG 2026,France: Northern Burgundy,Program: Moret-sur-Loing - Auxerre,7,2,EN,exact,649,Day 7: Auxerre,Optie 2,42.0,0.39,341.6,Hoog,True
26578994,Haarlem - Nordsee - Haarlem 50 km DEU 2026,Holland: 5-day Tulip Tour Premium,5-day Tulip tour Premium,2,1,DE,exact,676,Day 2: Haarlem - Keukenhof - Haarlem,Optie 1,50.0,0.05,242.3,Hoog,True
,Amsterdam (Minerva) - Haarlem - Amsterdam (Minerva) 50 km DEU 2024,Holland: 5-day Tulip Tour Premium,5-day Tulip tour Premium,3,1,DE,not_found,677,Day 3: Haarlem - Alkmaar,Optie 1,50.0,0.25,185.2,Hoog,True
52509702,Amsterdam (Minerva) - Haarlem (loop) 40 km ENG 2026,Holland: 5-day Tulip Tour Premium,5-day Tulip tour Premium,4,1,EN,exact,678,Day 4: Alkmaar - Zaanse Schans | Zaanse Schans - Amsterdam,Optie 1,41.0,0.79,142.6,Hoog,True
46008599,Wageningen - Arnhem (via Veluwe & Airborne museum) 37 km ENG 2026,Netherlands: Historic Hanseatic cities,Program: Hanseatic Boutique Premium,2,1,EN,exact,681,Day 2: Wijk bij Duurstede – Wageningen | Wageningen – Arnhem,Optie 1,37.0,0.02,250.7,Hoog,True
28962807,Wageningen - Arnhem (via Veluwe) ENG 43 km 2026,Netherlands: Historic Hanseatic cities,Program: Hanseatic Boutique Premium,2,2,EN,exact,681,Day 2: Wijk bij Duurstede – Wageningen | Wageningen – Arnhem,Optie 2,44.0,0.55,202.5,Hoog,True
53384784,Wageningen - Arnhem (via Heteren & Airborne Museum) 27 km ENG 2026,Netherlands: Historic Hanseatic cities,Program: Hanseatic Boutique Premium,3,1,EN,exact,682,Day 3: Arnhem – Doesburg | Doesburg – Zutphen | Zutphen – Deventer,Optie 1,27.0,0.01,168.1,Hoog,True
28962804,Doesburg - Zutphen (via Vorden) 44 km ENG 2026,Netherlands: Historic Hanseatic cities,Program: Hanseatic Boutique Premium,3,2,EN,exact,682,Day 3: Arnhem – Doesburg | Doesburg – Zutphen | Zutphen – Deventer,Optie 2,44.0,0.14,136.6,Hoog,True
47787302,Wijhe - Kampen (via Hattem) 38 km ENG 2026,Netherlands: Historic Hanseatic cities,Program: Hanseatic Boutique Premium,4,1,EN,exact,683,Day 4: Deventer – Wijhe | Wijhe – Kampen,Optie 1,40.0,2.38,152.6,Redelijk,True
29068208,Doesburg - Deventer (via Wichmond & Zutphen) 57 km ENG 2026,Netherlands: Historic Hanseatic cities,Program: Hanseatic Boutique Premium,4,2,EN,exact,683,Day 4: Deventer – Wijhe | Wijhe – Kampen,Optie 2,56.0,0.94,173.0,Hoog,True
49470175,Kampen - Harderwijk (via Elburg) 48 km ENG 2026,Netherlands: Historic Hanseatic cities,Program: Hanseatic Boutique Premium,5,1,EN,exact,684,Day 5: Kampen – Elburg – Harderwijk,Optie 1,48.0,0.33,117.9,Hoog,True
51719996,Kampen - Hattem (loop) 54 km ENG 2026,Netherlands: Historic Hanseatic cities,Program: Hanseatic Boutique Premium,5,2,EN,exact,684,Day 5: Kampen – Elburg – Harderwijk,Optie 2,56.0,1.92,163.6,Redelijk,True
39329822,Harderwijk - Spakenburg (via Putten) 41 km ENG 2026,Netherlands: Historic Hanseatic cities,Program: Hanseatic Boutique Premium,6,1,EN,exact,685,Day 6: Harderwijk – Bunschoten – Spakenburg,Optie 1,41.0,0.14,141.0,Hoog,True
26806064,Harderwijk - Spakenburg (via Veluwe & Nijkerk) 62 km ENG 2026,Netherlands: Historic Hanseatic cities,Program: Hanseatic Boutique Premium,6,2,EN,exact,685,Day 6: Harderwijk – Bunschoten – Spakenburg,Optie 2,61.0,0.56,240.6,Hoog,True
32188490,Huizen - Amsterdam (Tolhuis-Buiksloterweg) 35 km ENG 2026,Netherlands: Historic Hanseatic cities,Program: Hanseatic Boutique Premium,7,1,EN,exact,686,Day 7: Spakenburg – Huizen | Huizen  – Naarden – Muiden – Amsterdam,Optie 1,35.0,0.59,133.0,Hoog,True
49499230,Huizen - Amsterdam (Tolhuis-Buiksloterweg) (via Crailoo) 50 km ENG 2025,Netherlands: Historic Hanseatic cities,Program: Hanseatic Boutique Premium,7,2,EN,exact,686,Day 7: Spakenburg – Huizen | Huizen  – Naarden – Muiden – Amsterdam,Optie 2,49.0,0.61,212.1,Hoog,True
55992185,Cochem - Zell 37 km ENG 2026,Germany: 8-day Cochem – Metz or v.v.,Program: Cochem - Metz,2,1,EN,exact,762,Day 2: Cochem – Zell,Optie 1,39.0,1.87,232.5,Redelijk,True
26613278,Zell - Bernkastel-Kues 44 km ENG 2026,Germany: 8-day Cochem – Metz or v.v.,Program: Cochem - Metz,3,1,EN,exact,763,Day 3: Zell on the Moselle – Bernkastel-Kues,Optie 1,45.0,1.12,299.7,Redelijk,True
44159242,Neumagen - Schweich 27 km ENG 2025,Germany: 8-day Cochem – Metz or v.v.,Program: Cochem - Metz,4,1,EN,exact,764,Day 4:  Bernkastel-Kues – Neumagen – Schweich | Schweich –Trier,Optie 1,28.0,0.6,194.0,Hoog,True
26571090,Bernkastel-Kues - Schweich 54 km ENG 2026,Germany: 8-day Cochem – Metz or v.v.,Program: Cochem - Metz,4,2,EN,exact,764,Day 4:  Bernkastel-Kues – Neumagen – Schweich | Schweich –Trier,Optie 2,54.0,0.03,354.1,Hoog,True
26581606,Trier (centre)  - Saarburg 29 km ENG 2026,Germany: 8-day Cochem – Metz or v.v.,Program: Cochem - Metz,5,1,EN,exact,765,Day 5: Trier – Saarburg,Optie 1,28.0,0.55,236.2,Hoog,True
50830650,Remich - Thionville 45 km ENG 2026,Germany: 8-day Cochem – Metz or v.v.,Program: Cochem - Metz,6,1,EN,exact,766,Day 6: Saarburg – Remich,Optie 1,45.0,0.23,246.2,Hoog,True
26581619,Saarburg - Remich (via river) 53 km ENG 2026,Germany: 8-day Cochem – Metz or v.v.,Program: Cochem - Metz,6,2,EN,exact,766,Day 6: Saarburg – Remich,Optie 2,53.0,0.53,311.5,Hoog,True
29308350,Schengen - Thionville 35 km ENG 2026,Germany: 8-day Cochem – Metz or v.v.,Program: Cochem - Metz,7,1,EN,exact,767,Day 7: Remich – Schengen | Schengen – Thionville | Thionville – Metz,Optie 1,30.0,4.53,193.1,Redelijk,True
29333758,Remich - Saarburg (via Mannebach) 40 km ENG 2026,Germany: 8-day Cochem – Metz or v.v.,Program: Metz - Cochem,2,1,EN,exact,770,Day 2: Metz – Remich,Optie 1,41.0,1.21,470.7,Redelijk,True
26609808,Richemont - Remich 52 km ENG 2026,Germany: 8-day Cochem – Metz or v.v.,Program: Metz - Cochem,2,2,EN,exact,770,Day 2: Metz – Remich,Optie 2,49.0,2.85,269.6,Redelijk,True
51444708,Saarburg - Trier (Pfalzel / Ostkai) 38 km ENG 2026,Germany: 8-day Cochem – Metz or v.v.,Program: Metz - Cochem,3,1,EN,exact,771,Day 3: Remich – Saarburg,Optie 1,40.0,2.32,230.4,Redelijk,True
26609452,Remich - Saarburg (via river) 48 km ENG 2026,Germany: 8-day Cochem – Metz or v.v.,Program: Metz - Cochem,3,2,EN,exact,771,Day 3: Remich – Saarburg,Optie 2,48.0,0.03,317.3,Hoog,True
26609577,Saarburg - Trier (centre) (via Igel) 34 km ENG 2026,Germany: 8-day Cochem – Metz or v.v.,Program: Metz - Cochem,4,1,EN,exact,772,Day 4: Saarburg – Trier,Optie 1,32.0,1.47,208.3,Redelijk,True
49101302,Saarburg - Trier (centre) 28 km ENG 2026,Germany: 8-day Cochem – Metz or v.v.,Program: Metz - Cochem,5,1,EN,exact,773,Day 5: Trier – Schweich | Schweich – Neumagen – Bernkastel-Kues,Optie 1,27.0,1.3,174.7,Redelijk,True
26609643,Schweich - Bernkastel-Kues 55 km ENG 2026,Germany: 8-day Cochem – Metz or v.v.,Program: Metz - Cochem,5,2,EN,exact,773,Day 5: Trier – Schweich | Schweich – Neumagen – Bernkastel-Kues,Optie 2,53.0,1.49,358.3,Redelijk,True
29339045,Bernkastel-Kues - Zell 45 km ENG 2026,Germany: 8-day Cochem – Metz or v.v.,Program: Metz - Cochem,6,1,EN,exact,774,Day 6: Bernkastel-Kues – Traben-Trarbach – Zell on the Moselle,Optie 1,45.0,0.01,260.4,Hoog,True
55992748,Zell - Cochem 39 km ENG 2026,Germany: 8-day Cochem – Metz or v.v.,Program: Metz - Cochem,7,1,EN,exact,775,Day 7: Zell – Beilstein – Cochem,Optie 1,39.0,0.22,301.1,Hoog,True
54314590,Heeg-Stavoren 32km NLD,Netherlands: Discover Friesland,Program Discover Friesland,2,1,,exact,933,Day 2: Stavoren – Makkum | Makkum – Terschelling,Optie 1,31.0,0.48,72.0,Redelijk,True
38871271,Stavoren - Makkum 49 km NLD 2026,Netherlands: Discover Friesland,Program Discover Friesland,2,2,,exact,933,Day 2: Stavoren – Makkum | Makkum – Terschelling,Optie 2,49.0,0.24,124.4,Hoog,True
38871276,Harlingen - Franeker - Leeuwarden 42 km NLD 2026,Netherlands: Discover Friesland,Program Discover Friesland,3,1,,exact,934,Day 3: Terschelling | Terschelling - Harlingen,Optie 1,42.0,0.04,108.3,Hoog,True
38871282,Leeuwarden - Grou 41 km NLD 2026,Netherlands: Discover Friesland,Program Discover Friesland,4,1,,exact,935,Day 4: Harlingen – Franeker – Leeuwarden,Optie 1,42.0,1.44,91.0,Redelijk,True
38871274,Harlingen - Franeker - Leeuwarden 51 km NLD 2026,Netherlands: Discover Friesland,Program Discover Friesland,4,2,,exact,935,Day 4: Harlingen – Franeker – Leeuwarden,Optie 2,51.0,0.18,104.2,Hoog,True
54314509,Grou-Heeg 37km NLD,Netherlands: Discover Friesland,Program Discover Friesland,5,1,,exact,936,Day 5: Leeuwarden – De Alde Feanen – Grou,Optie 1,40.0,2.97,84.9,Redelijk,True
54314550,Grou-Heeg 46km NLD,Netherlands: Discover Friesland,Program Discover Friesland,6,1,,exact,937,Day 6: Grou – Sneek,Optie 1,46.0,0.24,115.3,Hoog,True
38871289,Grou - Sneek 53 km NLD 2026,Netherlands: Discover Friesland,Program Discover Friesland,6,2,,exact,937,Day 6: Grou – Sneek,Optie 2,53.0,0.83,133.1,Hoog,True
54074508,Spannenburg-Lemmer 33km NLD 2026,Netherlands: Discover Friesland,Program Discover Friesland,7,1,,exact,938,Day 7: Sneek  – Spannenburg | Spannenburg - Lemmer | Lemmer – Enkhuizen,Optie 1,33.0,0.22,121.4,Hoog,True
54074595,Spannenburg-Lemmer 41km NLD 2026,Netherlands: Discover Friesland,Program Discover Friesland,7,2,,exact,938,Day 7: Sneek  – Spannenburg | Spannenburg - Lemmer | Lemmer – Enkhuizen,Optie 2,41.0,0.36,134.2,Hoog,True
31421432,"Test ride: Zaanse Schans 8,4 km ENG 2026",North Holland landscapes and seascapes,program N-H,1,1,EN,exact,945,Day 1: Amsterdam – Zaandam | Zaandam – Zaanse Schans,Optie 1,8.0,0.37,26.3,Hoog,True
31327320,Alkmaar - Sint Maartensvlotbrug 29 km ENG 2026,North Holland landscapes and seascapes,program N-H,2,1,EN,exact,946,Day 2: Zaanse Schans – Alkmaar,Optie 1,29.0,0.24,121.1,Redelijk,True
50251014,Texel (loop Oudeschild) 42 km ENG 2026,North Holland landscapes and seascapes,program N-H,2,2,EN,exact,946,Day 2: Zaanse Schans – Alkmaar,Optie 2,40.0,1.53,139.1,Laag (niet toegepast),False
53475402,Sint Maartensvlotbrug - Den Helder (via coast) 27 km ENG 2026,North Holland landscapes and seascapes,program N-H,3,1,EN,exact,947,Day 3: Alkmaar – St. Maartensvlotbrug – Den Helder | Den Helder – Texel,Optie 1,30.0,3.03,111.7,Redelijk,True
50251080,"Texel (loop Oudeschild, full circle) 53 km ENG 2026",North Holland landscapes and seascapes,program N-H,3,2,EN,exact,947,Day 3: Alkmaar – St. Maartensvlotbrug – Den Helder | Den Helder – Texel,Optie 2,53.0,0.21,173.3,Hoog,True
32289138,Texel (loop ferry) 43 km ENG 2026,North Holland landscapes and seascapes,program N-H,4,1,EN,exact,948,"Day 4: Texel, round trip | Texel – Medemblik",Optie 1,43.0,0.37,139.8,Hoog,True
32288316,Texel (loop ferry) 49 km ENG 2026,North Holland landscapes and seascapes,program N-H,4,2,EN,exact,948,"Day 4: Texel, round trip | Texel – Medemblik",Optie 2,48.0,0.48,151.3,Hoog,True
38226611,Medemblik - Enkhuizen (via Twisk) 40 km ENG 2026,North Holland landscapes and seascapes,program N-H,5,1,EN,exact,949,Day 5: Medemblik – Enkhuizen,Optie 1,39.0,0.53,95.8,Hoog,True
49075457,Alkmaar - Den Helder 51 km ENG 2026,North Holland landscapes and seascapes,program N-H,5,2,EN,exact,949,Day 5: Medemblik – Enkhuizen,Optie 2,51.0,0.12,209.2,Laag (niet toegepast),False
53718253,Medemblik - Enkhuizen (via coast) 24 km ENG 2026,North Holland landscapes and seascapes,program N-H,6,1,EN,exact,950,Day 6: Enkhuizen – Hoorn,Optie 1,23.0,1.2,71.4,Redelijk,True
47686375,Hoorn (loop) 35 km ENG 2026,North Holland landscapes and seascapes,program N-H,6,2,EN,exact,950,Day 6: Enkhuizen – Hoorn,Optie 2,35.0,0.01,96.3,Hoog,True
28988159,Hoorn - Volendam 24 km ENG 2026,North Holland landscapes and seascapes,program N-H,7,1,EN,exact,951,Day 7: Hoorn – Volendam | Volendam – Amsterdam,Optie 1,23.0,1.41,62.8,Redelijk,True
38226613,Volendam - Amsterdam (Oosterdok) (via Marken) 50 km ENG 2026,North Holland landscapes and seascapes,program N-H,7,2,EN,exact,951,Day 7: Hoorn – Volendam | Volendam – Amsterdam,Optie 2,45.0,5.0,130.1,Redelijk,True
53814282,Treis-Karden - Winningen (über Burg Eltz) 34 km DEU 2026,Cochem - Aschaffenburg or v.v.,Program: Cochem - Aschaffenburg,2,1,DE,exact,969,Day 2: Cochem – Karden | Karden – Koblenz,Optie 1,38.0,4.32,312.2,Redelijk,True
53814283,Koblenz - Sankt Goar 37 km DEU 2026,Cochem - Aschaffenburg or v.v.,Program: Cochem - Aschaffenburg,3,1,DE,exact,970,Day 3: Koblenz – St. Goar,Optie 1,37.0,0.49,239.8,Hoog,True
53814284,Oberwesel - Rüdesheim 26 km DEU 2026,Cochem - Aschaffenburg or v.v.,Program: Cochem - Aschaffenburg,4,1,DE,exact,971,Day 4: St. Goar – Oberwesel | Oberwesel – Rüdesheim (Bingen),Optie 1,23.0,2.85,150.2,Redelijk,True
53814287,Rüdesheim - Mainz (entlang Fluss) 32 km DEU 2026,Cochem - Aschaffenburg or v.v.,Program: Cochem - Aschaffenburg,4,2,DE,exact,971,Day 4: St. Goar – Oberwesel | Oberwesel – Rüdesheim (Bingen),Optie 2,30.0,1.53,149.6,Redelijk,True
53657693|55429032,Rüdesheim - Mainz 34 km DEU 2026,Cochem - Aschaffenburg or v.v.,Program: Cochem - Aschaffenburg,5,1,DE,ambiguous,972,Day 5: Rüdesheim (Bingen) – Mainz,Optie 1,35.0,1.04,196.1,Redelijk,True
53814294,Mainz - Frankfurt 43 km DEU 2026,Cochem - Aschaffenburg or v.v.,Program: Cochem - Aschaffenburg,5,2,DE,exact,972,Day 5: Rüdesheim (Bingen) – Mainz,Optie 2,43.0,0.09,250.3,Hoog,True
53814292,Rüdesheim - Mainz (über Kloster) 39 km DEU 2026,Cochem - Aschaffenburg or v.v.,Program: Cochem - Aschaffenburg,6,1,DE,exact,973,Day 6: Mainz – Frankfurt-am-Main,Optie 1,40.0,1.26,324.8,Redelijk,True
53814296,Offenbach - Aschaffenburg 50 km DEU 2026,Cochem - Aschaffenburg or v.v.,Program: Cochem - Aschaffenburg,7,1,DE,exact,974,Day 7: Frankfurt-am-Main – Aschaffenburg,Optie 1,50.0,0.25,211.7,Hoog,True
19353573,Offenbach - Aschaffenburg 49 km ENG 2026,Cochem - Aschaffenburg or v.v.,Program: Aschaffenburg - Cochem,2,1,EN,exact,977,Day 2: Asschaffenburg – Frankfurt-am-Main,Optie 1,50.0,0.7,204.9,Laag (niet toegepast),False
53564093,Rüdesheim - Mainz 40km ENG 2026,Cochem - Aschaffenburg or v.v.,Program: Aschaffenburg - Cochem,3,1,EN,exact,978,Day 3: Frankfurt-am-Main – Mainz,Optie 1,40.0,0.92,401.2,Redelijk,True
49424070,Rüdesheim - Mainz 34 km ENG 2026,Cochem - Aschaffenburg or v.v.,Program: Aschaffenburg - Cochem,4,1,EN,exact,979,Day 4: Mainz – Rüdesheim (Bingen),Optie 1,35.0,0.61,193.6,Hoog,True
19353574,Mainz - Frankfurt 43 km ENG 2026,Cochem - Aschaffenburg or v.v.,Program: Aschaffenburg - Cochem,4,2,EN,exact,979,Day 4: Mainz – Rüdesheim (Bingen),Optie 2,43.0,0.06,207.0,Hoog,True
19353581,Rüdesheim - Mainz (via monastery) 39 km ENG 2026,Cochem - Aschaffenburg or v.v.,Program: Aschaffenburg - Cochem,5,1,EN,exact,980,Day 5: Rüdesheim (Bingen) – St. Goar,Optie 1,40.0,0.93,295.0,Hoog,True
55102427,Treis-Karden - Koblenz (via Burg Eltz) 44 km ENG 2026,Cochem - Aschaffenburg or v.v.,Program: Aschaffenburg - Cochem,6,1,EN,exact,981,Day 6: St. Goar – Koblenz,Optie 1,45.0,0.41,370.1,Hoog,True
26633088,Koblenz - Sankt Goar 37 km ENG 2026,Cochem - Aschaffenburg or v.v.,Program: Aschaffenburg - Cochem,7,1,EN,exact,982,Day 7: Koblenz – Alken | Alken – Moselkern – Cochem,Optie 1,40.0,2.64,238.4,Redelijk,True
26827455,Wageningen-Arnhem 35 km DEU 2023,Netherlands & Germany: Amsterdam - Cochem Premium,Program: Amsterdam - Cochem,2,1,DE,exact,1236,Day 2: Wijk bij Duurstede – Wageningen | Wageningen – Arnhem | Arnhem – Rees,Optie 1,35.0,0.23,169.3,Hoog,True
29035740,Wageningen - Arnhem 43 km DEU for 2025,Netherlands & Germany: Amsterdam - Cochem Premium,Program: Amsterdam - Cochem,2,2,DE,exact,1236,Day 2: Wijk bij Duurstede – Wageningen | Wageningen – Arnhem | Arnhem – Rees,Optie 2,44.0,0.39,202.2,Hoog,True
35700807,Wesel - Ruhrort 40 km DEU 2023,Netherlands & Germany: Amsterdam - Cochem Premium,Program: Amsterdam - Cochem,3,1,DE,exact,1237,Day 3: Rees – Wesel | Wesel – Duisburg | Duisburg – Düsseldorf,Optie 1,40.0,1.71,121.8,Redelijk,True
35700821,Zons - Cologne 28 km DEU 2023,Netherlands & Germany: Amsterdam - Cochem Premium,Program: Amsterdam - Cochem,4,1,DE,exact,1238,Day 4: Düsseldorf – Zons – Cologne,Optie 1,28.0,0.03,130.4,Hoog,True
35700973,Düsseldorf - Cologne 54 km DEU 2023,Netherlands & Germany: Amsterdam - Cochem Premium,Program: Amsterdam - Cochem,4,2,DE,exact,1238,Day 4: Düsseldorf – Zons – Cologne,Optie 2,54.0,1.28,232.9,Redelijk,True
35700843,Cologne - Bonn 38 km DEU 2023,Netherlands & Germany: Amsterdam - Cochem Premium,Program: Amsterdam - Cochem,5,1,DE,exact,1239,Day 5: Cologne – Bonn,Optie 1,38.0,0.28,180.0,Hoog,True
,Remagen - Koblenz 44 km DEU 2023,Netherlands & Germany: Amsterdam - Cochem Premium,Program: Amsterdam - Cochem,6,1,DE,not_found,1240,Day 6: Bonn – Remagen | Remagen – Koblenz,Optie 1,44.0,0.05,191.8,Hoog,True
29603904,Alken - Cochem 37 km DEU 2023,Netherlands & Germany: Amsterdam - Cochem Premium,Program: Amsterdam - Cochem,7,1,DE,exact,1241,Day 7: Koblenz – Alken | Alken – Moselkern – Cochem,Optie 1,40.0,2.77,335.2,Redelijk,True
44786304,Milazzo - Cape Milazzo - Milazzo ENG 2025,Italy: Sicily and Aeolian Islands,Sicily Sundial,2,1,EN,exact,1428,Day 2: Milazzo,Optie 1,15.0,1.56,166.0,Redelijk,True
53475988,Marina Capo d'Orlando - Gioioa Marea ENG 2026,Italy: Sicily and Aeolian Islands,Sicily Sundial,3,1,EN,exact,1429,"Day 3: Milazzo Marina – Vulcano Island | Vulcano, roundtripo – Vulcano Island |",Optie 1,20.0,0.73,235.4,Laag (niet toegepast),False
44786353,Vulcano Porto - Capo Grillo - Vulcano Porto ENG 2025,Italy: Sicily and Aeolian Islands,Sicily Sundial,6,1,EN,exact,1432,Day 6: Salina | Salina – Lipari,Optie 1,20.0,3.5,412.2,Laag (niet toegepast),False
44786287,Lipari roundtour 26km ENG 2025,Italy: Sicily and Aeolian Islands,Sicily Sundial,7,1,EN,exact,1433,Day 7: Lipari | Lipari – Milazzo,Optie 1,25.0,0.75,581.3,Hoog,True
44786321,Salina roundtour 26 km ENG 2025,Italy: Sicily and Aeolian Islands,Sicily Tersane IV,2,1,EN,exact,1436,Day 2: Capo d’Orlando Marina,Optie 1,26.0,0.03,530.8,Laag (niet toegepast),False
53475988,Marina Capo d'Orlando - Gioioa Marea ENG 2026,Italy: Sicily and Aeolian Islands,Sicily Tersane IV,3,1,EN,exact,1437,"Day 3: Capo d’Orlando Marina – Vulcano Island | Vulcano, roundtrip",Optie 1,20.0,0.73,235.4,Hoog,True
44786353,Vulcano Porto - Capo Grillo - Vulcano Porto ENG 2025,Italy: Sicily and Aeolian Islands,Sicily Tersane IV,6,1,EN,exact,1440,Day 6: Salina | Salina – Lipari,Optie 1,20.0,3.5,412.2,Laag (niet toegepast),False
44786287,Lipari roundtour 26km ENG 2025,Italy: Sicily and Aeolian Islands,Sicily Tersane IV,7,1,EN,exact,1441,Day 7: Lipari - Capo d’Orlando Marina,Optie 1,25.0,0.75,581.3,Hoog,True
55992748,Zell - Cochem 39 km ENG 2026,9 days Cochem – Metz or v.v.,9 days Cochem - Metz,2,1,EN,exact,1452,Day 2: Cochem – Zell,Optie 1,39.0,0.22,301.1,Hoog,True
29339045,Bernkastel-Kues - Zell 45 km ENG 2026,9 days Cochem – Metz or v.v.,9 days Cochem - Metz,3,1,EN,exact,1453,Day 3: Zell an der Moselle – Bernkastel-Kues,Optie 1,45.0,0.01,260.4,Hoog,True
49101302,Saarburg - Trier (centre) 28 km ENG 2026,9 days Cochem – Metz or v.v.,9 days Cochem - Metz,4,1,EN,exact,1454,Day 4:  Bernkastel-Kues – Neumagen – Schweich | Schweich –Trier,Optie 1,28.0,0.3,174.7,Hoog,True
26609643,Schweich - Bernkastel-Kues 55 km ENG 2026,9 days Cochem – Metz or v.v.,9 days Cochem - Metz,4,2,EN,exact,1454,Day 4:  Bernkastel-Kues – Neumagen – Schweich | Schweich –Trier,Optie 2,54.0,0.49,358.3,Hoog,True
47386282,Cochem - Treis-Garden (loop via wine tasting) 27 km ENG 2026,9 days Cochem – Metz or v.v.,9 days Cochem - Metz,5,1,EN,exact,1455,Day 5: Trier – Saarburg,Optie 1,28.0,0.82,213.5,Laag (niet toegepast),False
44568579,Thionville - Remich 45 km ENG 2026,9 days Cochem – Metz or v.v.,9 days Cochem - Metz,6,1,EN,exact,1456,Day 6: Saarburg – Remich,Optie 1,45.0,0.54,254.3,Hoog,True
26609808,Richemont - Remich 52 km ENG 2026,9 days Cochem – Metz or v.v.,9 days Cochem - Metz,6,2,EN,exact,1456,Day 6: Saarburg – Remich,Optie 2,53.0,1.15,269.6,Redelijk,True
26609452,Remich - Saarburg (via river) 48 km ENG 2026,9 days Cochem – Metz or v.v.,9 days Cochem - Metz,7,1,EN,exact,1457,Day 7: Remich – Schengen | Schengen – Schengen,Optie 1,50.0,2.03,317.3,Redelijk,True
29333758,Remich - Saarburg (via Mannebach) 40 km ENG 2026,9 days Cochem – Metz or v.v.,9 days Metz - Cochem,3,1,EN,exact,1462,Day 3: Schengen – Remich,Optie 1,41.0,1.21,470.7,Redelijk,True
26609808,Richemont - Remich 52 km ENG 2026,9 days Cochem – Metz or v.v.,9 days Metz - Cochem,3,2,EN,exact,1462,Day 3: Schengen – Remich,Optie 2,49.0,2.85,269.6,Redelijk,True
51444708,Saarburg - Trier (Pfalzel / Ostkai) 38 km ENG 2026,9 days Cochem – Metz or v.v.,9 days Metz - Cochem,4,1,EN,exact,1463,Day 4: Remich – Saarburg,Optie 1,40.0,2.32,230.4,Redelijk,True
26609452,Remich - Saarburg (via river) 48 km ENG 2026,9 days Cochem – Metz or v.v.,9 days Metz - Cochem,4,2,EN,exact,1463,Day 4: Remich – Saarburg,Optie 2,48.0,0.03,317.3,Hoog,True
26609577,Saarburg - Trier (centre) (via Igel) 34 km ENG 2026,9 days Cochem – Metz or v.v.,9 days Metz - Cochem,5,1,EN,exact,1464,Day 5: Saarburg – Trier,Optie 1,32.0,1.47,208.3,Redelijk,True
49101302,Saarburg - Trier (centre) 28 km ENG 2026,9 days Cochem – Metz or v.v.,9 days Metz - Cochem,6,1,EN,exact,1465,Day 6: Trier – Schweich | Schweich – Neumagen – Bernkastel-Kues,Optie 1,27.0,1.3,174.7,Redelijk,True
26609643,Schweich - Bernkastel-Kues 55 km ENG 2026,9 days Cochem – Metz or v.v.,9 days Metz - Cochem,6,2,EN,exact,1465,Day 6: Trier – Schweich | Schweich – Neumagen – Bernkastel-Kues,Optie 2,53.0,1.49,358.3,Redelijk,True
29339045,Bernkastel-Kues - Zell 45 km ENG 2026,9 days Cochem – Metz or v.v.,9 days Metz - Cochem,7,1,EN,exact,1466,Day 7: Bernkastel-Kues – Traben-Trarbach – Zell on the Moselle,Optie 1,45.0,0.01,260.4,Hoog,True
55992748,Zell - Cochem 39 km ENG 2026,9 days Cochem – Metz or v.v.,9 days Metz - Cochem,8,1,EN,exact,1467,Day 8: Zell – Beilstein – Cochem,Optie 1,39.0,0.22,301.1,Hoog,True
53684541,Copenhagen - Helsingør 49 km DEU 2026,Sail & Bike Denmark and Sweden,Denmark & Sweden,2,1,DE,exact,1470,Day 2: Copenhagen – Humlebaek – Helsingør,Optie 1,48.0,0.57,255.0,Hoog,True
53684538,Helsingør (Schleife) 27 km DEU 2026,Sail & Bike Denmark and Sweden,Denmark & Sweden,3,1,DE,exact,1471,Day 3: Helsingør–Hornbaek–Esrum–Helsingør| ship sails to Helsingborg,Optie 1,28.0,0.6,169.2,Hoog,True
53684535,Helsingør (Schleife) 46 km DEU 2026,Sail & Bike Denmark and Sweden,Denmark & Sweden,3,2,DE,exact,1471,Day 3: Helsingør–Hornbaek–Esrum–Helsingør| ship sails to Helsingborg,Optie 2,45.0,0.88,332.7,Hoog,True
53684531,Helsingborg - Landskrona 27 km DEU 2026,Sail & Bike Denmark and Sweden,Denmark & Sweden,4,1,DE,exact,1472,Day 4: Helsingborg – Landskrona | Ferry to Ven | Ven roundtour,Optie 1,28.0,0.76,163.2,Hoog,True
55240286,Køge - Viking Museum & Vallo (loop) (CCW) 35 km ENG 2026,Sail & Bike Denmark and Sweden,Denmark & Sweden,4,2,EN,exact,1472,Day 4: Helsingborg – Landskrona | Ferry to Ven | Ven roundtour,Optie 2,38.0,1.65,187.3,Laag (niet toegepast),False
53684524,Køge - Stevns Klint (Schleife) 62 km DEU 2026,Sail & Bike Denmark and Sweden,Denmark & Sweden,6,2,DE,exact,1474,Day 6: Rødvig – Stevns Klint – Køge or roundtour Køge – Stevns Klint – Køge |,Optie 2,58.0,4.13,221.0,Redelijk,True
53684518,Malmö (Schleife) 27 km DEU 2026,Sail & Bike Denmark and Sweden,Denmark & Sweden,7,1,DE,exact,1475,Day 7: Malmö : city + outskirts roundtour or Malmö – Lund – Lomma – Malmö,Optie 1,26.0,0.72,131.6,Hoog,True
55240355,Køge - Viking Museum & Vallo (loop) (CCW) 46 km ENG 2026,Sail & Bike Denmark and Sweden,Denmark & Sweden,7,2,EN,exact,1475,Day 7: Malmö : city + outskirts roundtour or Malmö – Lund – Lomma – Malmö,Optie 2,49.0,2.72,222.8,Laag (niet toegepast),False
49428130,Medemblik (loop) 28 km ENG 2026,Islandhopping Netherlands Premium,Program: Frisian Sea Premium,2,1,EN,exact,1494,"Day 2: Medemblik, roundtour | Medemblik – Den Oever – Texel",Optie 1,28.0,0.36,70.8,Hoog,True
19544568,Enkhuizen - Medemblik (via Twisk) 40 km ENG 2026,Islandhopping Netherlands Premium,Program: Frisian Sea Premium,2,2,EN,exact,1494,"Day 2: Medemblik, roundtour | Medemblik – Den Oever – Texel",Optie 2,40.0,0.46,96.3,Hoog,True
32289138,Texel (loop ferry) 43 km ENG 2026,Islandhopping Netherlands Premium,Program: Frisian Sea Premium,3,1,EN,exact,1495,"Day 3: Texel, roundtrip from/to Oudeschild",Optie 1,43.0,0.37,139.8,Hoog,True
32288316,Texel (loop ferry) 49 km ENG 2026,Islandhopping Netherlands Premium,Program: Frisian Sea Premium,3,2,EN,exact,1495,"Day 3: Texel, roundtrip from/to Oudeschild",Optie 2,49.0,0.52,151.3,Hoog,True
41904110,Terschelling (loop) 42 km ENG 2026,Islandhopping Netherlands Premium,Program: Frisian Sea Premium,5,1,EN,exact,1497,Day 5: Terschelling roundtrip | sailing Terschelling – Harlinge,Optie 1,42.0,0.19,150.6,Hoog,True
34640696,Stavoren - Makkum (via Bolsward) 49 km ENG 2026 Self Guided,Islandhopping Netherlands Premium,Program: Frisian Sea Premium,6,1,EN,exact,1498,Day 6: Harlingen – Franeker – Makkum,Optie 1,48.0,0.86,120.9,Redelijk,True
50251080,"Texel (loop Oudeschild, full circle) 53 km ENG 2026",Islandhopping Netherlands Premium,Program: Frisian Sea Premium,6,2,EN,exact,1498,Day 6: Harlingen – Franeker – Makkum,Optie 2,58.0,4.79,173.3,Laag (niet toegepast),False
55103765,Stavoren loop (via Rijs & Bakhuzen) 31km ENG,Islandhopping Netherlands Premium,Program: Frisian Sea Premium,7,1,EN,exact,1499,Day 7: Makkum – Stavoren | Stavoren - Enkhuizen,Optie 1,32.0,0.4,110.8,Hoog,True
26559860,Makkum - Stavoren 49 km ENG 2026,Islandhopping Netherlands Premium,Program: Frisian Sea Premium,7,2,EN,exact,1499,Day 7: Makkum – Stavoren | Stavoren - Enkhuizen,Optie 2,49.0,0.03,130.6,Hoog,True
44942344,Lagny (loop via Champs-sur-Marne) 23 km ENG 2026,France: 8d Paris – Epernay or v.v.,Paris - Epernay,2,1,EN,exact,1502,Day 2: Lagny-sur-Marne,Optie 1,22.0,0.71,108.6,Hoog,True
44937598,Meaux - Lagny (gravel) 41 km ENG 2026,France: 8d Paris – Epernay or v.v.,Paris - Epernay,2,2,EN,exact,1502,Day 2: Lagny-sur-Marne,Optie 2,42.0,1.01,232.1,Redelijk,True
43274207,Lagny (loop via castles) 24 km 2026,France: 8d Paris – Epernay or v.v.,Paris - Epernay,3,1,,exact,1503,Day 3: Lagny-sur-Marne – Meaux,Optie 1,22.0,1.95,206.9,Redelijk,True
44937599,Meaux - Lagny (tarmac) 40 km ENG 2026,France: 8d Paris – Epernay or v.v.,Paris - Epernay,3,2,EN,exact,1503,Day 3: Lagny-sur-Marne – Meaux,Optie 2,42.0,1.54,231.2,Redelijk,True
44936776,La Ferte - Meaux 29 km ENG 2026,France: 8d Paris – Epernay or v.v.,Paris - Epernay,4,1,EN,exact,1504,Day 4: Meaux – La Ferté-sous-Jouarre,Optie 1,30.0,1.06,307.7,Redelijk,True
31571004,Château-Thierry - La Ferté 40 km ENG 2026,France: 8d Paris – Epernay or v.v.,Paris - Epernay,5,1,EN,exact,1505,Day 5: La-Ferté-sous-Jouarre – Château-Thierry,Optie 1,40.0,0.08,403.3,Hoog,True
44936014,Château-Thierry - La Ferté 58 km ENG 2026,France: 8d Paris – Epernay or v.v.,Paris - Epernay,5,2,EN,exact,1505,Day 5: La-Ferté-sous-Jouarre – Château-Thierry,Optie 2,57.0,1.07,535.7,Redelijk,True
43276502,Epernay - Dormans (low) 33 km ENG 2026,France: 8d Paris – Epernay or v.v.,Paris - Epernay,6,1,EN,exact,1506,Day 6: Château-Thierry – Dormans – Epernay,Optie 1,35.0,2.15,148.3,Redelijk,True
28997700,Epernay - Mont-St-Pierre (high) 54 km ENG 2026,France: 8d Paris – Epernay or v.v.,Paris - Epernay,6,2,EN,exact,1506,Day 6: Château-Thierry – Dormans – Epernay,Optie 2,55.0,1.47,446.7,Redelijk,True
44929384,"Epernay (loop, flat via Ay & Mareuil-sur-Ay) 18 km ENG 2026",France: 8d Paris – Epernay or v.v.,Paris - Epernay,7,1,EN,exact,1507,Day 7: Epernay round tour,Optie 1,17.0,0.93,70.4,Hoog,True
44935654,"Epernay (loop via winelands, Ay & Mareuil-sur-Ay) 26 km ENG 2026",France: 8d Paris – Epernay or v.v.,Paris - Epernay,7,2,EN,exact,1507,Day 7: Epernay round tour,Optie 2,26.0,0.46,181.4,Hoog,True
44935634,Epernay (loop via winelands & Ay) 21 km ENG 2026,France: 8d Paris – Epernay or v.v.,Epernay - Paris,2,1,EN,exact,1510,Day 2: Epernay round tour,Optie 1,19.0,2.29,172.7,Redelijk,True
44935654,"Epernay (loop via winelands, Ay & Mareuil-sur-Ay) 26 km ENG 2026",France: 8d Paris – Epernay or v.v.,Epernay - Paris,2,2,EN,exact,1510,Day 2: Epernay round tour,Optie 2,26.0,0.46,181.4,Hoog,True
43199162,Dormans - Epernay (high) 36 km ENG 2026,France: 8d Paris – Epernay or v.v.,Epernay - Paris,3,1,EN,exact,1511,Day 3: Epernay – Dormans – Château-Thierry,Optie 1,35.0,1.37,292.7,Redelijk,True
43196120,Mont-St-Pierre - Epernay (high) 54 km ENG 2026,France: 8d Paris – Epernay or v.v.,Epernay - Paris,3,2,EN,exact,1511,Day 3: Epernay – Dormans – Château-Thierry,Optie 2,50.0,2.96,485.4,Redelijk,True
31568705,La Ferté - Château-Thierry 40 km ENG 2026,France: 8d Paris – Epernay or v.v.,Epernay - Paris,4,1,EN,exact,1512,Day 4: Château-Thierry – La-Ferté-sous-Jouarre,Optie 1,40.0,0.26,408.6,Hoog,True
53470002,Dormans - Epernay (high - challenging) 44 km ENG 2026,France: 8d Paris – Epernay or v.v.,Epernay - Paris,4,2,EN,exact,1512,Day 4: Château-Thierry – La-Ferté-sous-Jouarre,Optie 2,44.0,0.3,644.8,Laag (niet toegepast),False
43199102,Dormans - Epernay (low) 32 km ENG 2026,France: 8d Paris – Epernay or v.v.,Epernay - Paris,5,1,EN,exact,1513,Day 5: La Ferté-sous-Jouarre – Meaux,Optie 1,30.0,1.89,126.5,Laag (niet toegepast),False
44936799|53451895,Meaux - La Ferté 52 km ENG 2026,France: 8d Paris – Epernay or v.v.,Epernay - Paris,5,2,EN,ambiguous,1513,Day 5: La Ferté-sous-Jouarre – Meaux,Optie 2,52.0,0.33,661.2,Hoog,True
43274207,Lagny (loop via castles) 24 km 2026,France: 8d Paris – Epernay or v.v.,Epernay - Paris,6,1,,exact,1514,"Day 6: Meaux – Paris, Lagny-sur-Marne",Optie 1,24.0,0.05,206.9,Hoog,True
53900784,Lagny - Meaux 45km dag 3  ENG 2026,France: 8d Paris – Epernay or v.v.,Epernay - Paris,6,2,EN,exact,1514,"Day 6: Meaux – Paris, Lagny-sur-Marne",Optie 2,45.0,0.21,317.8,Hoog,True
43198763,Lagny - Meaux (tarmac) 39 km ENG 2026,France: 8d Paris – Epernay or v.v.,Epernay - Paris,7,1,EN,exact,1515,Day 7: Lagny-sur-Marne – Paris,Optie 1,38.0,1.31,250.1,Redelijk,True
43274207,Lagny (loop via castles) 24 km 2026,France: 8d Paris – Epernay or v.v.,Paris - Soissons,2,1,,exact,1518,Day 2: Paris – Bougival | Bike tour around L’Île des Impressionnistes,Optie 1,25.0,1.05,206.9,Laag (niet toegepast),False
28962067,Lagny - Meaux (gravel) 40 km ENG 2026,France: 8d Paris – Epernay or v.v.,Paris - Soissons,3,1,EN,exact,1519,Day 3: Bougival – Auvers-sur-Oise,Optie 1,42.0,1.58,246.5,Laag (niet toegepast),False
53900784,Lagny - Meaux 45km dag 3  ENG 2026,France: 8d Paris – Epernay or v.v.,Paris - Soissons,3,2,EN,exact,1519,Day 3: Bougival – Auvers-sur-Oise,Optie 2,46.0,1.21,317.8,Laag (niet toegepast),False
53470002,Dormans - Epernay (high - challenging) 44 km ENG 2026,France: 8d Paris – Epernay or v.v.,Paris - Soissons,4,1,EN,exact,1520,Day 4: Auvers-sur-Oise – Beaumont | Beaumont – Pont-Sainte-Maxence,Optie 1,45.0,0.7,644.8,Laag (niet toegepast),False
43196120,Mont-St-Pierre - Epernay (high) 54 km ENG 2026,France: 8d Paris – Epernay or v.v.,Paris - Soissons,5,1,EN,exact,1521,Day 5: Pont-Sainte-Maxence – Compiègne,Optie 1,52.0,0.96,485.4,Laag (niet toegepast),False
44936799|53451895,Meaux - La Ferté 52 km ENG 2026,France: 8d Paris – Epernay or v.v.,Paris - Soissons,6,1,EN,ambiguous,1522,Day 6: Compiègne – Soissons,Optie 1,50.0,1.67,661.2,Laag (niet toegepast),False
44936799|53451895,Meaux - La Ferté 52 km ENG 2026,France: 8d Paris – Epernay or v.v.,Soissons - Paris,3,1,EN,ambiguous,1527,Day 3: Soissons – Compiègne,Optie 1,50.0,1.67,661.2,Laag (niet toegepast),False
53900784,Lagny - Meaux 45km dag 3  ENG 2026,France: 8d Paris – Epernay or v.v.,Soissons - Paris,4,1,EN,exact,1528,Day 4: Compiègne – Pont-Sainte-Maxence,Optie 1,45.0,0.21,317.8,Laag (niet toegepast),False
44935955,La Ferté - Château-Thierry 58 km ENG 2026,France: 8d Paris – Epernay or v.v.,Soissons - Paris,4,2,EN,exact,1528,Day 4: Compiègne – Pont-Sainte-Maxence,Optie 2,55.0,3.05,532.7,Laag (niet toegepast),False
31568705,La Ferté - Château-Thierry 40 km ENG 2026,France: 8d Paris – Epernay or v.v.,Soissons - Paris,5,1,EN,exact,1529,Day 5: Pont-Sainte-Maxence – Creil | Creil – Beaumont | Beaumont – Auvers-sur-Oi,Optie 1,40.0,0.26,408.6,Laag (niet toegepast),False
43196120,Mont-St-Pierre - Epernay (high) 54 km ENG 2026,France: 8d Paris – Epernay or v.v.,Soissons - Paris,5,2,EN,exact,1529,Day 5: Pont-Sainte-Maxence – Creil | Creil – Beaumont | Beaumont – Auvers-sur-Oi,Optie 2,54.0,1.04,485.4,Laag (niet toegepast),False
28962067,Lagny - Meaux (gravel) 40 km ENG 2026,France: 8d Paris – Epernay or v.v.,Soissons - Paris,6,1,EN,exact,1530,Day 6: Auvers-sur-Oise – Bougival,Optie 1,42.0,1.58,246.5,Laag (niet toegepast),False
53470002,Dormans - Epernay (high - challenging) 44 km ENG 2026,France: 8d Paris – Epernay or v.v.,Soissons - Paris,6,2,EN,exact,1530,Day 6: Auvers-sur-Oise – Bougival,Optie 2,46.0,1.7,644.8,Laag (niet toegepast),False
43274207,Lagny (loop via castles) 24 km 2026,France: 8d Paris – Epernay or v.v.,Soissons - Paris,7,1,,exact,1531,Day 7: Bougival / Rueil – Paris | Bike tour around L’Île des Impressionnistes an,Optie 1,25.0,1.05,206.9,Laag (niet toegepast),False
53657673,Sankt Goar - Rüdesheim (via Bacharach & Bingen) 32 km DEU 2026,Rhine and Moselle: Koblenz – Koblenz,Program Koblenz - Koblenz,2,1,DE,exact,1534,Day 2: St. Goar – Bacharach – Bingen – Rüdesheim,Optie 1,30.0,1.92,197.0,Redelijk,True
53657813,Mainz - Winningen - Burg Eltz - Treis- Karden (über Alken) 36 km DEU 2026,Rhine and Moselle: Koblenz – Koblenz,Program Koblenz - Koblenz,3,1,DE,exact,1535,Day 3: Rüdesheim – Mainz,Optie 1,35.0,1.03,397.0,Redelijk,True
53657973,Mainz - Winningen - Burg Eltz - Treis - Karden (über Eltz) 40 km DEU 2026,Rhine and Moselle: Koblenz – Koblenz,Program Koblenz - Koblenz,3,2,DE,exact,1535,Day 3: Rüdesheim – Mainz,Optie 2,43.0,3.69,405.2,Redelijk,True
53657735,Rüdesheim - Mainz 39 km DEU 2026,Rhine and Moselle: Koblenz – Koblenz,Program Koblenz - Koblenz,4,1,DE,exact,1536,Day 4: Mainz – Winningen | Winningen – Treis-Karden,Optie 1,40.0,0.98,393.7,Hoog,True
53657841,Zell - Bernkastel - Kues 45 km DEU 2026,Rhine and Moselle: Koblenz – Koblenz,Program Koblenz - Koblenz,5,1,DE,exact,1537,Day 5: Treis-Karden – Zell | Zell – Bernkastel-Kues,Optie 1,45.0,0.95,326.0,Hoog,True
55568600,Zell - Cochem 37 km DEU 2026,Rhine and Moselle: Koblenz – Koblenz,Program Koblenz - Koblenz,6,1,DE,exact,1538,Day 6: Bernkastel-Kues – Zell | Zell – Cochem,Optie 1,41.0,0.07,266.9,Hoog,True
53657859,Lehmen - Kobern - Winningen - Koblenz 20 km DEU 2026,Rhine and Moselle: Koblenz – Koblenz,Program Koblenz - Koblenz,7,1,DE,exact,1539,Day 7: Cochem – Lehmen | Lehmen – Koblenz,Optie 1,20.0,0.32,139.3,Hoog,True
53657673,Sankt Goar - Rüdesheim (via Bacharach & Bingen) 32 km DEU 2026,Rhine and Moselle: Koblenz – Koblenz,Program: Koblenz - Koblenz 2027,2,1,DE,exact,1542,Day 2: St. Goar – Rüdesheim,Optie 1,30.0,1.92,197.0,Redelijk,True
53657813,Mainz - Winningen - Burg Eltz - Treis- Karden (über Alken) 36 km DEU 2026,Rhine and Moselle: Koblenz – Koblenz,Program: Koblenz - Koblenz 2027,3,1,DE,exact,1543,Day 3: Rüdesheim – Mainz,Optie 1,35.0,1.03,397.0,Redelijk,True
53657973,Mainz - Winningen - Burg Eltz - Treis - Karden (über Eltz) 40 km DEU 2026,Rhine and Moselle: Koblenz – Koblenz,Program: Koblenz - Koblenz 2027,3,2,DE,exact,1543,Day 3: Rüdesheim – Mainz,Optie 2,43.0,3.69,405.2,Redelijk,True
53657693|55429032,Rüdesheim - Mainz 34 km DEU 2026,Rhine and Moselle: Koblenz – Koblenz,Program: Koblenz - Koblenz 2027,4,1,DE,ambiguous,1544,Day 4: Mainz – St. Goar | St. Goar – Oberlahnstein,Optie 1,30.0,3.56,187.3,Redelijk,True
53657841,Zell - Bernkastel - Kues 45 km DEU 2026,Rhine and Moselle: Koblenz – Koblenz,Program: Koblenz - Koblenz 2027,4,2,DE,exact,1544,Day 4: Mainz – St. Goar | St. Goar – Oberlahnstein,Optie 2,45.0,0.95,326.0,Laag (niet toegepast),False
53657853,Zell - Cochem 37 km DEU 2026 kopie Marc,Rhine and Moselle: Koblenz – Koblenz,Program: Koblenz - Koblenz 2027,5,1,DE,exact,1545,Day 5: Oberlahnstein – Lehmen | Lehmen – Cochem,Optie 1,40.0,0.87,262.7,Redelijk,True
55825002,Cochem - Koblenz 51 km DEU 2026,Rhine and Moselle: Koblenz – Koblenz,Program: Koblenz - Koblenz 2027,6,1,DE,exact,1546,Day 6: Cochem – Zell,Optie 1,50.0,1.33,359.0,Redelijk,True
53657859,Lehmen - Kobern - Winningen - Koblenz 20 km DEU 2026,Rhine and Moselle: Koblenz – Koblenz,Program: Koblenz - Koblenz 2027,7,1,DE,exact,1547,Day 7: Zell – Lehmen | Lehmen – Koblenz,Optie 1,20.0,0.32,139.3,Hoog,True
54415865,Aschaffenburg - Miltenberg 40 km ENG 2026,Aschaffenburg-Bamberg or v.v.,Program: Aschaffenburg-Bamberg,2,1,EN,exact,1550,Day 2: Aschaffenburg – Freudenberg,Optie 1,48.0,1.35,365.8,Redelijk,True
55927455,Haßfurt - Bamberg 40km ENG 2026,Aschaffenburg-Bamberg or v.v.,Program: Aschaffenburg-Bamberg,3,1,EN,exact,1551,Day 3: Freudenberg – Wertheim | Wertheim – Lohr,Optie 1,40.0,1.27,300.9,Laag (niet toegepast),False
26632225,Wertheim - Lohr 44 km ENG 2026,Aschaffenburg-Bamberg or v.v.,Program: Aschaffenburg-Bamberg,3,2,EN,exact,1551,Day 3: Freudenberg – Wertheim | Wertheim – Lohr,Optie 2,45.0,0.09,347.3,Hoog,True
26632242,Karlstadt - Würzburg - 34 km ENG 2026,Aschaffenburg-Bamberg or v.v.,Program: Aschaffenburg-Bamberg,4,1,EN,exact,1552,Day 4: Lohr – Karlstadt |  Karlstadt – Wurzburg,Optie 1,30.0,4.31,254.6,Redelijk,True
49993933,Kitzingen - Schweinfurt 60 km ENG 2026,Aschaffenburg-Bamberg or v.v.,Program: Aschaffenburg-Bamberg,6,2,EN,exact,1554,Day 6: Kitzingen – Dettelbach | (Kitzingen -) Dettelbach – Schweinfurt,Optie 2,60.0,0.38,362.3,Hoog,True
49991813,Würzburg - Marktbreit 29 km ENG 2026,Aschaffenburg-Bamberg or v.v.,Program: Aschaffenburg-Bamberg,7,1,EN,exact,1555,Day 7: Schweinfurt – Haßfurt | Haßfurt – Bamberg,Optie 1,35.0,2.28,205.1,Laag (niet toegepast),False
54345203,Haßfurt-Bamberg 40 km Eng 2026 ,Aschaffenburg-Bamberg or v.v.,Program: Aschaffenburg-Bamberg,7,2,EN,exact,1555,Day 7: Schweinfurt – Haßfurt | Haßfurt – Bamberg,Optie 2,40.0,1.44,296.1,Redelijk,True
55927455,Haßfurt - Bamberg 40km ENG 2026,Aschaffenburg-Bamberg or v.v.,Program: Bamberg - Aschaffenburg,2,2,EN,exact,1558,Day 2: Bamberg – Haßfurt | Haßfurt – Schweinfurt,Optie 2,40.0,1.27,300.9,Redelijk,True
53806292,Kitzingen - Schweinfurt 60 km DEU 2026,Aschaffenburg-Bamberg or v.v.,Program: Bamberg - Aschaffenburg,3,2,DE,exact,1559,Day 3: Schweinfurt – Stammheim – Kitzingen,Optie 2,60.0,0.48,349.7,Hoog,True
53806294,Würzburg - Kitzingen 40 km DEU 2026,Aschaffenburg-Bamberg or v.v.,Program: Bamberg - Aschaffenburg,4,1,DE,exact,1560,Day 4: Kitzingen – Würzburg,Optie 1,40.0,0.4,245.6,Hoog,True
53806295,Karlstadt - Würzburg - 30 km DEU 2026,Aschaffenburg-Bamberg or v.v.,Program: Bamberg - Aschaffenburg,5,1,DE,exact,1561,Day 5: Würzburg – Karlstadt | Karlstadt – Lohr,Optie 1,30.0,0.42,168.7,Hoog,True
53806297,Aschaffenburg - Freudenberg 50 km DEU 2026,Aschaffenburg-Bamberg or v.v.,Program: Bamberg - Aschaffenburg,7,1,DE,exact,1563,Day 7: Freudenberg – Aschaffenburg,Optie 1,50.0,0.1,252.0,Hoog,True
42095959,Noordwijk - Cruquis - Noordwijk,Springtime Tour: Tulips and Dutch Highlights,Program: Springtime Semi-Guided,2,1,,exact,1566,Day 2: Hoorn – Enkhuizen,Optie 1,40.0,0.24,162.5,Laag (niet toegepast),False
42095560,Akersloot - Akersloot 31km by Hortus 2024,Springtime Tour: Tulips and Dutch Highlights,Program: Springtime Semi-Guided,4,1,,exact,1568,Day 4: Alkmaar – Alkmaar,Optie 1,33.0,1.82,106.7,Laag (niet toegepast),False
,Akersloot - De Rijp - Schermerhoorn - Akersloot ENG 2024,Springtime Tour: Tulips and Dutch Highlights,Program: Springtime Semi-Guided,5,1,EN,not_found,1569,Day 5: Alkmaar – Zaandam | Zaandam - Haarlem,Optie 1,38.0,0.2,109.5,Laag (niet toegepast),False
45004509,Akersloot - Beach- Hortus - Akersloot ,Springtime Tour: Tulips and Dutch Highlights,Program: Springtime Semi-Guided,7,1,,exact,1571,Day 7: Haarlem – Amsterdam,Optie 1,31.0,0.71,107.8,Laag (niet toegepast),False
29010740|53844944|53899229,Bruges - Damme (loop) 22 km ENG 2026,Through Flanders Fields and along the Somme,Program Bruges - Abbeville,1,1,EN,ambiguous,1586,Day 1: Bruges,Optie 1,22.0,0.44,64.2,Hoog,True
49271812|53899230,Moerbrugge - Deinze 47 km ENG 2026,Through Flanders Fields and along the Somme,Program Bruges - Abbeville,2,1,EN,ambiguous,1587,Day 2: Bruges – Moerbrugge | Moerbrugge – Deinze,Optie 1,47.0,0.43,214.4,Hoog,True
49284930|53899231,Moerbrugge - Deinze 58 km ENG 2026,Through Flanders Fields and along the Somme,Program Bruges - Abbeville,2,2,EN,ambiguous,1587,Day 2: Bruges – Moerbrugge | Moerbrugge – Deinze,Optie 2,58.0,0.05,278.7,Hoog,True
53899232,Waregem - Kortrijk - Menen (via Flanders Field) 48 km ENG 2026,Through Flanders Fields and along the Somme,Program Bruges - Abbeville,3,1,EN,exact,1588,Day 3: Deinze – Waregem | Waregem – Kortrijk – Menen,Optie 1,48.0,0.2,218.4,Hoog,True
49272340|53899233,Waregem - Kortrijk - Menen 52 km ENG 2026,Through Flanders Fields and along the Somme,Program Bruges - Abbeville,3,2,EN,ambiguous,1588,Day 3: Deinze – Waregem | Waregem – Kortrijk – Menen,Optie 2,52.0,0.21,257.0,Hoog,True
45443829|53899234,Menen - Lille 36 km ENG 2026,Through Flanders Fields and along the Somme,Program Bruges - Abbeville,4,1,EN,ambiguous,1589,Day 4: Menen – Lille,Optie 1,36.0,0.41,148.6,Hoog,True
49272396|53899235,Menen - Lille (via Tyne Cot) 58 km ENG 2026,Through Flanders Fields and along the Somme,Program Bruges - Abbeville,4,2,EN,ambiguous,1589,Day 4: Menen – Lille,Optie 2,58.0,0.28,301.9,Hoog,True
49290379|53899236,Don - Arleux (via Lewarde) 51 km ENG 2026,Through Flanders Fields and along the Somme,Program Bruges - Abbeville,5,1,EN,ambiguous,1590,Day 5: Lille – Don | Don – Arleux,Optie 1,51.0,0.4,229.1,Hoog,True
49290310|53899237,Don - Arleux (via Lens) 56 km ENG 2026,Through Flanders Fields and along the Somme,Program Bruges - Abbeville,5,2,EN,ambiguous,1590,Day 5: Lille – Don | Don – Arleux,Optie 2,56.0,0.32,284.2,Hoog,True
41409908|53899239,Arleux - Havrincourt (via Masnière) 41 km ENG 2026,Through Flanders Fields and along the Somme,Program Bruges - Abbeville,6,1,EN,ambiguous,1591,Day 6: Arleux – Havrincourt,Optie 1,41.0,0.3,274.3,Hoog,True
26957550|53899240,Arleux - Havrincourt (via Vaucelles) 53 km ENG 2026,Through Flanders Fields and along the Somme,Program Bruges - Abbeville,6,2,EN,ambiguous,1591,Day 6: Arleux – Havrincourt,Optie 2,53.0,0.14,426.0,Hoog,True
49290474|53899241,Ytres - Péronne - Cappy 46 km ENG 2026,Through Flanders Fields and along the Somme,Program Bruges - Abbeville,7,1,EN,ambiguous,1592,Day 7: Havrincourt – Ytres | Ytres – Cappy,Optie 1,46.0,0.27,311.9,Hoog,True
49290619|53899242,Cappy - Corbie 44 km ENG 2026,Through Flanders Fields and along the Somme,Program Bruges - Abbeville,8,1,EN,ambiguous,1593,Day 8: Cappy – Corbie,Optie 1,44.0,0.42,336.6,Hoog,True
49290631|53899243,Cappy - Corbie (via Thiepval) 54 km ENG 2026,Through Flanders Fields and along the Somme,Program Bruges - Abbeville,8,2,EN,ambiguous,1593,Day 8: Cappy – Corbie,Optie 2,54.0,0.11,423.5,Hoog,True
49293254|53899244,Corbie - Amiens 29 km ENG 2026,Through Flanders Fields and along the Somme,Program Bruges - Abbeville,9,1,EN,ambiguous,1594,Day 9: Corbie – Amiens,Optie 1,29.0,0.1,218.1,Hoog,True
49296021|53899245,Corbie - Amiens (via Moreuil) 53 km ENG 2026,Through Flanders Fields and along the Somme,Program Bruges - Abbeville,9,2,EN,ambiguous,1594,Day 9: Corbie – Amiens,Optie 2,53.0,0.07,446.9,Hoog,True
49295951|53899248,Samara - Long 39 km ENG 2026,Through Flanders Fields and along the Somme,Program Bruges - Abbeville,11,1,EN,ambiguous,1596,Day 11: Amiens – Samara,Optie 1,42.0,4.0,390.0,Redelijk,True
49293250|53899247,Amiens - Samara 51 km ENG 2026,Through Flanders Fields and along the Somme,Program Bruges - Abbeville,11,2,EN,ambiguous,1596,Day 11: Amiens – Samara,Optie 2,51.0,0.44,302.0,Hoog,True
49940703|53899246,Amiens - Samara 42 km ENG 2026,Through Flanders Fields and along the Somme,Program Bruges - Abbeville,12,1,EN,ambiguous,1597,Day 12: Samara – La Breilloire Breilloire – Long,Optie 1,39.0,2.96,273.1,Redelijk,True
49977604|53899250,Long - Abbeville 57 km ENG 2026,Through Flanders Fields and along the Somme,Program Bruges - Abbeville,13,1,EN,ambiguous,1598,Day 13: Long – Abbeville,Optie 1,57.0,0.52,371.7,Hoog,True
49940887|53899204|53899251,Abbeville - Saint-Valery (loop) 47 km ENG 2026,Through Flanders Fields and along the Somme,Program Bruges - Abbeville,14,1,EN,ambiguous,1599,Day 14: Abbeville – Saint-Valéry-sur-Somme – Abbeville,Optie 1,47.0,0.3,296.4,Hoog,True
49297091|53899205|53899252,Abbeville - Saint-Valery (loop) 68 km ENG 2026,Through Flanders Fields and along the Somme,Program Bruges - Abbeville,14,2,EN,ambiguous,1599,Day 14: Abbeville – Saint-Valéry-sur-Somme – Abbeville,Optie 2,68.0,0.07,360.7,Hoog,True
49940887|53899204|53899251,Abbeville - Saint-Valery (loop) 47 km ENG 2026,Through Flanders Fields and along the Somme,Program Abbeville - Bruges,2,1,EN,ambiguous,1602,Day 2: Abbeville – Saint-Valéry-sur-Somme – Abbeville,Optie 1,47.0,0.3,296.4,Hoog,True
49297091|53899205|53899252,Abbeville - Saint-Valery (loop) 68 km ENG 2026,Through Flanders Fields and along the Somme,Program Abbeville - Bruges,2,2,EN,ambiguous,1602,Day 2: Abbeville – Saint-Valéry-sur-Somme – Abbeville,Optie 2,68.0,0.07,360.7,Hoog,True
50029518|53899206,Abbeville - Long 57 km ENG 2026,Through Flanders Fields and along the Somme,Program Abbeville - Bruges,3,1,EN,ambiguous,1603,Day 3: Abbeville – Long,Optie 1,57.0,0.54,375.7,Hoog,True
50029634|53899208,Long - Samara 39 km ENG 2026,Through Flanders Fields and along the Somme,Program Abbeville - Bruges,4,1,EN,ambiguous,1604,Day 4: Long – La Breilloire | La Breilloire – Samara,Optie 1,39.0,0.49,358.8,Hoog,True
50029821|53899209,Samara - Amiens 16 km ENG 2026,Through Flanders Fields and along the Somme,Program Abbeville - Bruges,5,1,EN,ambiguous,1605,Day 5: Samara – Amiens,Optie 1,16.0,0.39,87.5,Hoog,True
50029963|53899210,Amiens - Corbie 28 km ENG 2026,Through Flanders Fields and along the Somme,Program Abbeville - Bruges,6,1,EN,ambiguous,1606,Day 6: Amiens – Corbie,Optie 1,28.0,0.02,213.5,Hoog,True
50029949|53899211,Amiens - Corbie (via Moreuil) 52 km ENG 2026,Through Flanders Fields and along the Somme,Program Abbeville - Bruges,6,2,EN,ambiguous,1606,Day 6: Amiens – Corbie,Optie 2,52.0,0.08,448.0,Hoog,True
50030734|53899212,Corbie - Cappy 44 km ENG 2026,Through Flanders Fields and along the Somme,Program Abbeville - Bruges,7,1,EN,ambiguous,1607,Day 7: Corbie – Cappy,Optie 1,44.0,0.2,343.5,Hoog,True
50030721|53899213,Corbie - Cappy (via Thiepval) 54 km ENG 2026,Through Flanders Fields and along the Somme,Program Abbeville - Bruges,7,2,EN,ambiguous,1607,Day 7: Corbie – Cappy,Optie 2,54.0,0.25,431.8,Hoog,True
50030812|53899214,Frise - Péronne - Ytres 41 km ENG 2026,Through Flanders Fields and along the Somme,Program Abbeville - Bruges,8,1,EN,ambiguous,1608,Day 8: Cappy – Péronne – Havrincourt,Optie 1,41.0,0.37,333.5,Redelijk,True
49434555|53899215,Havrincourt - Douai 47 km ENG 2026,Through Flanders Fields and along the Somme,Program Abbeville - Bruges,9,1,EN,ambiguous,1609,Day 9: Havrincourt – Douai,Optie 1,47.0,0.18,234.5,Hoog,True
50031097|53899216,Havrincourt - Cambrai - Douai 61 km ENG 2026,Through Flanders Fields and along the Somme,Program Abbeville - Bruges,9,2,EN,ambiguous,1609,Day 9: Havrincourt – Douai,Optie 2,61.0,0.24,328.8,Hoog,True
50031485|53899217,Douai - Lille 50 km ENG 2026,Through Flanders Fields and along the Somme,Program Abbeville - Bruges,10,1,EN,ambiguous,1610,Day 10: Douai – Lille,Optie 1,50.0,0.16,209.1,Hoog,True
50031384|53899218,Douai - Lille (via Lens) 65 km ENG 2026,Through Flanders Fields and along the Somme,Program Abbeville - Bruges,10,2,EN,ambiguous,1610,Day 10: Douai – Lille,Optie 2,65.0,0.32,306.7,Hoog,True
50040474|53899219,Comines - Kortrijk - Harelbeke 39 km ENG 2026,Through Flanders Fields and along the Somme,Program Abbeville - Bruges,12,1,EN,ambiguous,1612,Day 12: Lille – Comines | Comines – Kortrijk – Harelbeke,Optie 1,39.0,0.23,179.3,Hoog,True
50032598|53899221,Comines - Kortrijk - Harelbeke (via Tyne Cot) 53 km ENG 2026,Through Flanders Fields and along the Somme,Program Abbeville - Bruges,12,2,EN,ambiguous,1612,Day 12: Lille – Comines | Comines – Kortrijk – Harelbeke,Optie 2,53.0,0.27,269.8,Hoog,True
49440887|53899222,Harelbeke - Oudenaarde - Deinze 57 km ENG 2026,Through Flanders Fields and along the Somme,Program Abbeville - Bruges,13,1,EN,ambiguous,1613,Day 13: Harelbeke – Deinze,Optie 1,57.0,0.4,310.4,Hoog,True
49434614|53899223,Deinze - Bruges 46 km ENG 2026,Through Flanders Fields and along the Somme,Program Abbeville - Bruges,14,1,EN,ambiguous,1614,Day 14: Deinze – Bruges,Optie 1,46.0,0.15,222.5,Hoog,True
49434619|53899224,Deinze - Bruges 63 km ENG 2026,Through Flanders Fields and along the Somme,Program Abbeville - Bruges,14,2,EN,ambiguous,1614,Day 14: Deinze – Bruges,Optie 2,63.0,0.02,298.2,Hoog,True
55679247,Amsterdam (Hoxton) - Breukelen 46km DEU 2026,Through Europe’s Heartland: between Amsterdam and Paris,Tour program: Amsterdam - Paris,2,1,DE,exact,1618,Day 2: Cycle to the ship – Amsterdam to Utrecht,Optie 1,43.0,2.72,169.0,Redelijk,True
55679145,Amsterdam (Hoxten) - Breukelen 38km DEU 2026,Through Europe’s Heartland: between Amsterdam and Paris,Tour program: Amsterdam - Paris,3,1,DE,exact,1619,Day 3: Silvercraft & windmills – Utrecht to Willemstad,Optie 1,38.0,0.21,133.0,Laag (niet toegepast),False
53851939,Tholen - Bergen op Zoom - Antwerpen DEU 2026,Through Europe’s Heartland: between Amsterdam and Paris,Tour program: Amsterdam - Paris,3,2,DE,exact,1619,Day 3: Silvercraft & windmills – Utrecht to Willemstad,Optie 2,56.0,0.67,246.7,Laag (niet toegepast),False
55680104|55915923,Tholen - Antwerpen 55km DEU 2026,Through Europe’s Heartland: between Amsterdam and Paris,Tour program: Amsterdam - Paris,4,1,DE,ambiguous,1620,Day 4: Into Belgium – Willemstad to Antwerp,Optie 1,56.0,2.67,267.4,Laag (niet toegepast),False
55680113,Antwerpen - St. Amands (Temse Vita Scheldebad) 39km DEU 2026,Through Europe’s Heartland: between Amsterdam and Paris,Tour program: Amsterdam - Paris,5,1,DE,exact,1621,Day 5: Along the Schelde – Antwerp to St. Amands,Optie 1,34.0,4.65,179.9,Redelijk,True
53853263,Bruges - Blankenberge loop 55 km DEU 2026,Through Europe’s Heartland: between Amsterdam and Paris,Tour program: Amsterdam - Paris,5,2,DE,exact,1621,Day 5: Along the Schelde – Antwerp to St. Amands,Optie 2,49.0,1.59,184.7,Laag (niet toegepast),False
53851829,Amsterdam (Hoxten) - Naarden - Diemen DEU 2026,Through Europe’s Heartland: between Amsterdam and Paris,Tour program: Amsterdam - Paris,6,1,DE,exact,1622,Day 6: Flemish flair – St. Amands to Ghent,Optie 1,52.0,0.74,197.1,Laag (niet toegepast),False
53846187|53853120,Bruges - Damme (loop) 22 km DEU 2026,Through Europe’s Heartland: between Amsterdam and Paris,Tour program: Amsterdam - Paris,7,1,DE,ambiguous,1623,Day 7: Into Bruges – Ghent to Bruges,Optie 1,22.0,0.41,83.0,Hoog,True
55680260,Bruges - Blankenberge (loop) 48 km DEU 2026,Through Europe’s Heartland: between Amsterdam and Paris,Tour program: Amsterdam - Paris,7,2,DE,exact,1623,Day 7: Into Bruges – Ghent to Bruges,Optie 2,45.0,3.56,168.8,Redelijk,True
55680241,Bruges - Damme 37km DEU 2026,Through Europe’s Heartland: between Amsterdam and Paris,Tour program: Amsterdam - Paris,8,1,DE,exact,1624,Day 8: Coastal escape – Bruges to the North Sea,Optie 1,38.0,0.89,136.4,Hoog,True
53853082,Gent (Evergem) - Bruges (via Bulskampveld) 52 km DEU 2026,Through Europe’s Heartland: between Amsterdam and Paris,Tour program: Amsterdam - Paris,8,2,DE,exact,1624,Day 8: Coastal escape – Bruges to the North Sea,Optie 2,51.0,0.58,251.3,Hoog,True
55678271,Breukelen - Amsterdam 34km DEU 2026,Through Europe’s Heartland: between Amsterdam and Paris,Tour Program: Paris - Amsterdam,3,1,DE,exact,1631,Day 3: Storybook scenery – Bruges to Ghent,Optie 1,34.0,0.35,122.8,Laag (niet toegepast),False
55677729,Bruges city centre - Lovendegem 41km DEU 2026,Through Europe’s Heartland: between Amsterdam and Paris,Tour Program: Paris - Amsterdam,3,2,DE,exact,1631,Day 3: Storybook scenery – Bruges to Ghent,Optie 2,45.0,3.7,166.5,Laag (niet toegepast),False
55677791,St. Amands - Antwerpen 41km DEU 2026,Through Europe’s Heartland: between Amsterdam and Paris,Tour Program: Paris - Amsterdam,4,1,DE,exact,1632,Day 4: River serenity – Ghent to St. Amands,Optie 1,38.0,1.85,190.1,Redelijk,True
55678224,Schoonhoven - Utrecht (zentrum) 50 km DEU 2026,Through Europe’s Heartland: between Amsterdam and Paris,Tour Program: Paris - Amsterdam,4,2,DE,exact,1632,Day 4: River serenity – Ghent to St. Amands,Optie 2,50.0,0.12,147.9,Laag (niet toegepast),False
55677783,St. Amands - Antwerpen 28km DEU 2026 (Ferry Kruibeke),Through Europe’s Heartland: between Amsterdam and Paris,Tour Program: Paris - Amsterdam,5,1,DE,exact,1633,Day 5: Countryside to city – St. Amands to Antwerp,Optie 1,30.0,2.6,128.9,Redelijk,True
53851578,St. Amands - Antwerp 40 km DEU 2026,Through Europe’s Heartland: between Amsterdam and Paris,Tour Program: Paris - Amsterdam,5,2,DE,exact,1633,Day 5: Countryside to city – St. Amands to Antwerp,Optie 2,41.0,0.48,192.0,Hoog,True
53846187|53853120,Bruges - Damme (loop) 22 km DEU 2026,Through Europe’s Heartland: between Amsterdam and Paris,Tour Program: Paris - Amsterdam,6,1,DE,ambiguous,1634,Day 6: Crossing borders – Antwerp to Dordrecht,Optie 1,22.0,0.41,83.0,Laag (niet toegepast),False
53846282,St. Amands - Antwerp (via waterbus) 30 km DEU 2026,Through Europe’s Heartland: between Amsterdam and Paris,Tour Program: Paris - Amsterdam,6,2,DE,exact,1634,Day 6: Crossing borders – Antwerp to Dordrecht,Optie 2,34.0,3.18,145.0,Redelijk,True
53677237|53851702,Dordrecht // Alblasserdam - Kinderdijk - Schoonhoven 32 km DEU 2026,Through Europe’s Heartland: between Amsterdam and Paris,Tour Program: Paris - Amsterdam,7,1,DE,ambiguous,1635,Day 7: Windmills and silversmiths – Dordrecht to Schoonhoven,Optie 1,32.0,0.4,84.3,Hoog,True
55677880,Schoonhoven - Utrecht 45km DEU (Mittagessen Schwimmbad),Through Europe’s Heartland: between Amsterdam and Paris,Tour Program: Paris - Amsterdam,7,2,DE,exact,1635,Day 7: Windmills and silversmiths – Dordrecht to Schoonhoven,Optie 2,45.0,0.42,124.8,Redelijk,True
53851711,Schoonhoven - Oudewater - Utrecht 45 km / 28 mi DEU 2026,Through Europe’s Heartland: between Amsterdam and Paris,Tour Program: Paris - Amsterdam,8,1,DE,exact,1636,Day 8: The Green Heart of Holland – Schoonhoven to Utrecht,Optie 1,44.0,0.57,115.6,Hoog,True
55677851,Kreekrak - Tholen 30km DEU 2026,Through Europe’s Heartland: between Amsterdam and Paris,Tour Program: Paris - Amsterdam,9,1,DE,exact,1637,Day 9: Easy morning ride – Breukelen to Amsterdam,Optie 1,28.0,0.74,131.5,Laag (niet toegepast),False
53677358,Hoorn - Enkhuizen (über die Küste) 26 km DEU 2026,Discover Holland’s UNESCO Treasures,Unesco A'dam-A'dam,2,1,DE,exact,1641,Day 2: Hoorn – (Medemblik) – Enkhuizen,Optie 1,30.0,4.0,65.4,Redelijk,True
55188931,Sint Maartensvlotbrug - Alkmaar 37 km DEU,Discover Holland’s UNESCO Treasures,Unesco A'dam-A'dam,2,2,DE,exact,1641,Day 2: Hoorn – (Medemblik) – Enkhuizen,Optie 2,37.0,0.16,190.9,Laag (niet toegepast),False
55189023,Lemmer - Sneek 37 km DEU,Discover Holland’s UNESCO Treasures,Unesco A'dam-A'dam,3,1,DE,exact,1642,Day 3: Enkhuizen – Lemmer | Lemmer – Sneek,Optie 1,35.0,1.68,113.3,Redelijk,True
53684140,Sneek - Franeker (über Grou) 50 km DEU 2026,Discover Holland’s UNESCO Treasures,Unesco A'dam-A'dam,3,2,DE,exact,1642,Day 3: Enkhuizen – Lemmer | Lemmer – Sneek,Optie 2,50.0,0.42,151.7,Hoog,True
53684139,Sneek - Franeker 44 km DEU 2026,Discover Holland’s UNESCO Treasures,Unesco A'dam-A'dam,4,1,DE,exact,1643,Day 4: Sneek – Franeker,Optie 1,43.0,0.88,127.2,Hoog,True
53782232,Harlingen - Kornwerderzand 25 km DEU 2026,Discover Holland’s UNESCO Treasures,Unesco A'dam-A'dam,5,1,DE,exact,1644,Day 5: Franeker – Harlingen | Harlingen – Kornwerderzand | Kornwerderzand – Den,Optie 1,23.0,1.76,70.1,Redelijk,True
53782233,Harlingen - Kornwerderzand 39 km DEU 2026,Discover Holland’s UNESCO Treasures,Unesco A'dam-A'dam,5,2,DE,exact,1644,Day 5: Franeker – Harlingen | Harlingen – Kornwerderzand | Kornwerderzand – Den,Optie 2,35.0,4.11,107.1,Redelijk,True
55188963,Sneek - Franeker 45 km DEU 2026,Discover Holland’s UNESCO Treasures,Unesco A'dam-A'dam,6,1,DE,exact,1645,Day 6: Den Helder - St. Maartensvlotbrug | St. Maartensvlotbrug – Alkmaar,Optie 1,45.0,0.03,141.0,Laag (niet toegepast),False
53680653,Sint Maartensvlotbrug - Alkmaar 37 km DEU 2026,Discover Holland’s UNESCO Treasures,Unesco A'dam-A'dam,7,1,DE,exact,1646,Day 7: Alkmaar – Wormerveer | Wormerveer – Zaanse Schans – Amsterdam,Optie 1,38.0,1.31,188.6,Redelijk,True
55189008,Wormerveer - Zaanse Schans - Amsterdam 46 km DEU,Discover Holland’s UNESCO Treasures,Unesco A'dam-A'dam,7,2,DE,exact,1646,Day 7: Alkmaar – Wormerveer | Wormerveer – Zaanse Schans – Amsterdam,Optie 2,47.0,1.53,151.9,Redelijk,True
53516762,El Gouna Cycling (27 km/17 mi.),Egypt & The Nile – A Journey to Ancient wonders,Egypt & The Nile,2,1,,exact,1654,Day 2: El Gouna Cycling & Red Sea Leisure,Optie 1,29.0,3.35,124.2,Redelijk,True
53437609|53516736|53516818,Day 4 (2/2): Luxor East Bank,Egypt & The Nile – A Journey to Ancient wonders,Egypt & The Nile,4,1,,ambiguous,1656,Day 4: Luxor East Bank,Optie 1,26.0,3.62,60.2,Redelijk,True
53437785|53516737|53516827,Day 5: Luxor – Esna,Egypt & The Nile – A Journey to Ancient wonders,Egypt & The Nile,5,1,,ambiguous,1657,Day 5: Luxor – Esna,Optie 1,51.0,0.59,185.6,Hoog,True
53437928|53516738|53516836,Day 6: Kom Ombo & Aswan,Egypt & The Nile – A Journey to Ancient wonders,Egypt & The Nile,6,1,,ambiguous,1658,Day 6: Kom Ombo & Aswan,Optie 1,31.0,2.18,166.5,Redelijk,True
53438029|53516742|53517245,Day 9 (1/2): Luxor West Bank,Egypt & The Nile – A Journey to Ancient wonders,Egypt & The Nile,7,1,,ambiguous,1659,Day 7: Aswan & Philae Temple,Optie 1,35.0,3.25,172.4,Laag (niet toegepast),False
53437978|53516741|53516851,Day 8: Edfu & Monastic Heritage,Egypt & The Nile – A Journey to Ancient wonders,Egypt & The Nile,8,1,,ambiguous,1660,Day 8: Edfu & Monastic Heritage,Optie 1,21.0,4.87,70.5,Redelijk,True
53838021,Paal - Terneuzen kort 40km,Historic Towns and coastal Holland by Sail and Bike,Program S&B Zeeland,2,1,,exact,1676,Day 2: Across the border: Doel – Paal – Hulst – Terneuzen,Optie 1,39.0,0.44,108.7,Hoog,True
53837197,Paal - Terneuzen 50km,Historic Towns and coastal Holland by Sail and Bike,Program S&B Zeeland,2,2,,exact,1676,Day 2: Across the border: Doel – Paal – Hulst – Terneuzen,Optie 2,49.0,0.51,161.9,Hoog,True
53837268,Terneuzen - Breskens 50km,Historic Towns and coastal Holland by Sail and Bike,Program S&B Zeeland,3,1,,exact,1677,"Day 3: Dunes, dikes, and polders: Terneuzen – Breskens",Optie 1,50.0,0.39,137.9,Hoog,True
53837145,Middelburg (loop) 55km ENG,Historic Towns and coastal Holland by Sail and Bike,Program S&B Zeeland,4,2,EN,exact,1678,Day 4: Sea air and Zeeland charm: Middelburg – coastal route – Middelburg,Optie 2,55.0,0.39,219.3,Hoog,True
53837359,Middelburg - Neeltje Jans - Kamperland 36km,Historic Towns and coastal Holland by Sail and Bike,Program S&B Zeeland,5,1,,exact,1679,Day 5: Historic harbors and Dutch ingenuity - Middelburg – Veere – Kamperland,Optie 1,36.0,0.09,109.0,Redelijk,True
53837389,Hansweert - Zandvliet Kust - 34km,Historic Towns and coastal Holland by Sail and Bike,Program S&B Zeeland,7,1,,exact,1681,Day 7: A final ride to Antwerp- Hansweert – Zandvliet – Antwerp,Optie 1,34.0,1.34,105.6,Redelijk,True
53704613,Zaandam - Zaanse Schans - Haarlem (city) 32 km ENG 2026,Heart of Tulips,Heart of Tulips,2,1,EN,exact,1684,Day 2: A gentle start through Waterland: Amsterdam to Zaandam,Optie 1,30.0,2.1,113.1,Laag (niet toegepast),False
26769826,Alphen a/d Rijn - Kudelstaart 39 km ENG 2026,Heart of Tulips,Heart of Tulips,3,1,EN,exact,1685,"Day 3: Windmills, flowers & Dutch heritage: Zaandam to Alkmaar",Optie 1,39.0,0.17,97.4,Laag (niet toegepast),False
19579488,Zaandam - Zaanse Schans - Haarlem (city) (via IJmuiden) 51 km ENG 2026,Heart of Tulips,Heart of Tulips,3,2,EN,exact,1685,"Day 3: Windmills, flowers & Dutch heritage: Zaandam to Alkmaar",Optie 2,50.0,0.7,220.4,Laag (niet toegepast),False
55073297,Amsterdam (Oosterdok) - Zaanse schans - Haarlem 48 km ENG 2026,Heart of Tulips,Heart of Tulips,4,1,EN,exact,1686,Day 4: Cheese market and dune landscapes: Alkmaar to Haarlem,Optie 1,50.0,2.25,144.9,Laag (niet toegepast),False
55204280,Amsterdam (Oosterdok) - Zaanse Schans - Haarlem (city) 47 km ENG 2026,Heart of Tulips,Heart of Tulips,5,1,EN,exact,1687,Day 5: A celebration of spring: Haarlem to Haarlem,Optie 1,47.0,0.25,160.3,Redelijk,True
38398102,Alblasserdam - Kinderdijk - Gouda 30 km ENG 2026,Heart of Tulips,Heart of Tulips,6,1,EN,exact,1688,Day 6: From flower trade to open water: Haarlem to Zaandam | cruise to Hoorn,Optie 1,30.0,0.39,83.7,Laag (niet toegepast),False
54152896,Alphen a/d Rijn - Uithoorn 24 km ENG 2026,Heart of Tulips,Heart of Tulips,7,1,EN,exact,1689,Day 7: Tulip country and historic harbors: Hoorn to Volendam | cruise to Huizen,Optie 1,25.0,0.59,63.2,Laag (niet toegepast),False
19438807,Gouda - Kudelstaart 54 km ENG 2026,Heart of Tulips,Heart of Tulips,7,2,EN,exact,1689,Day 7: Tulip country and historic harbors: Hoorn to Volendam | cruise to Huizen,Optie 2,55.0,1.19,136.7,Laag (niet toegepast),False
47018629,Bosrandbrug - Amsterdam (Oosterdok) 36 km ENG 2026,Heart of Tulips,Heart of Tulips,8,1,EN,exact,1690,Day 8: Fortified towns and a grand finale: Huizen to Amsterdam,Optie 1,35.0,0.65,143.3,Hoog,True
55820434,Amsterdam (Veemkade) - Zaanse Schans - Haarlem (city) 47 km ENG 2026,Heart of Tulips,Heart of Tulips,8,2,EN,exact,1690,Day 8: Fortified towns and a grand finale: Huizen to Amsterdam,Optie 2,49.0,1.84,159.8,Laag (niet toegepast),False
55380774|55616458,Tournon - La Voulte sur Rhône 47km ENG,France: Provence & the Rhône Valley,Lyon - Arles,2,1,EN,ambiguous,1709,Day 2: Along the Northern Rhône: Lyon – Chavanay – Tournon-sur-Rhône,Optie 1,45.0,2.16,209.8,Redelijk,True
54893821|55616457,Cote Rotie loop 37km (15km^ avg 3%),France: Provence & the Rhône Valley,Lyon - Arles,3,1,,ambiguous,1710,Day 3: ViaRhôna and  Ardèche Views: Tournon-sur-Rhône – La Voulte-sur-Rhône – Vi,Optie 1,40.0,2.51,659.6,Laag (niet toegepast),False
55617063|55617525,Tarascon – Pont du Gard – Avignon 57km ENG 2026,France: Provence & the Rhône Valley,Lyon - Arles,4,1,EN,ambiguous,1711,Day 4: Hilltop Villages and Rhône Wines: Viviers – Châteauneuf-du-Pape – Avignon,Optie 1,60.0,3.43,444.5,Laag (niet toegepast),False
55504700,Viviers - Chateau Neuf du Pape 66km,France: Provence & the Rhône Valley,Lyon - Arles,4,2,,exact,1711,Day 4: Hilltop Villages and Rhône Wines: Viviers – Châteauneuf-du-Pape – Avignon,Optie 2,65.0,0.97,647.3,Redelijk,True
54691556|55616447,Saint Etiennes des Sorts - Orange - Roquemare 35km ENG,France: Provence & the Rhône Valley,Lyon - Arles,5,1,EN,ambiguous,1712,Day 5: Avignon and Provençal Life: Avignon,Optie 1,40.0,4.39,229.7,Laag (niet toegepast),False
54691401,Chavanay - Tournon EV17 50km ENG,France: Provence & the Rhône Valley,Lyon - Arles,5,2,EN,exact,1712,Day 5: Avignon and Provençal Life: Avignon,Optie 2,50.0,0.28,216.5,Laag (niet toegepast),False
55505411|55616463,Tarascon - Chateau des Baux - Arles 54km,France: Provence & the Rhône Valley,Lyon - Arles,6,1,,ambiguous,1713,Day 6: Roman past at the Pont du Gard: Avignon – Pont du Gard – Tarascon,Optie 1,55.0,1.11,487.6,Laag (niet toegepast),False
55504926,Avignon - Pont du Gard - Tarascon 56km ENG 2026,France: Provence & the Rhône Valley,Lyon - Arles,6,2,EN,exact,1713,Day 6: Roman past at the Pont du Gard: Avignon – Pont du Gard – Tarascon,Optie 2,60.0,3.5,483.4,Redelijk,True
55380990|55616459,Lamastre - La Voulte Sur Rhône (La Dolce Via) 66km ENG,France: Provence & the Rhône Valley,Lyon - Arles,7,2,EN,ambiguous,1714,Day 7: Van Gogh’s Provence: Tarascon – Arles,Optie 2,65.0,1.0,668.0,Laag (niet toegepast),False
55380990|55616459,Lamastre - La Voulte Sur Rhône (La Dolce Via) 66km ENG,France: Provence & the Rhône Valley,Arles - Lyon,2,2,EN,ambiguous,1717,Day 2: Van Gogh’s Provence: Arles – Tarascon,Optie 2,65.0,1.0,668.0,Laag (niet toegepast),False
55505411|55616463,Tarascon - Chateau des Baux - Arles 54km,France: Provence & the Rhône Valley,Arles - Lyon,3,1,,ambiguous,1718,Day 3: The Pont du Gard: Tarascon – Pont du Gard – Avignon,Optie 1,55.0,1.11,487.6,Laag (niet toegepast),False
55617063|55617525,Tarascon – Pont du Gard – Avignon 57km ENG 2026,France: Provence & the Rhône Valley,Arles - Lyon,3,2,EN,ambiguous,1718,Day 3: The Pont du Gard: Tarascon – Pont du Gard – Avignon,Optie 2,60.0,3.43,444.5,Redelijk,True
54893821|55616457,Cote Rotie loop 37km (15km^ avg 3%),France: Provence & the Rhône Valley,Arles - Lyon,4,1,,ambiguous,1719,Day 4: The Papal City: Avignon,Optie 1,40.0,2.51,659.6,Laag (niet toegepast),False
54691401,Chavanay - Tournon EV17 50km ENG,France: Provence & the Rhône Valley,Arles - Lyon,4,2,EN,exact,1719,Day 4: The Papal City: Avignon,Optie 2,50.0,0.28,216.5,Laag (niet toegepast),False
55504926,Avignon - Pont du Gard - Tarascon 56km ENG 2026,France: Provence & the Rhône Valley,Arles - Lyon,5,1,EN,exact,1720,Day 5: Vineyards of the Rhône: Avignon – Châteauneuf-du-Pape – Viviers,Optie 1,60.0,3.5,483.4,Laag (niet toegepast),False
55504700,Viviers - Chateau Neuf du Pape 66km,France: Provence & the Rhône Valley,Arles - Lyon,5,2,,exact,1720,Day 5: Vineyards of the Rhône: Avignon – Châteauneuf-du-Pape – Viviers,Optie 2,65.0,0.97,647.3,Redelijk,True
54691556|55616447,Saint Etiennes des Sorts - Orange - Roquemare 35km ENG,France: Provence & the Rhône Valley,Arles - Lyon,6,1,EN,ambiguous,1721,Day 6: Rhône or Ardèche: Viviers – La Voulte-sur-Rhône – Tournon-sur-Rhône,Optie 1,40.0,4.39,229.7,Laag (niet toegepast),False
55380774|55616458,Tournon - La Voulte sur Rhône 47km ENG,France: Provence & the Rhône Valley,Arles - Lyon,7,1,EN,ambiguous,1722,Day 7: Northern Rhône Wines: Tournon-sur-Rhône – Chavanay – Lyon,Optie 1,45.0,2.16,209.8,Redelijk,True
55010103,day 3: Hamburg - Geesthacht (shorter),Hamburg - Berlin or Berlin - Hamburg,Program Hamburg - Berlin,3,1,,exact,1726,Day 3: Hamburg - Geesthacht,Optie 1,40.0,0.35,170.7,Hoog,True
55009697,day 3: Hamburg - Geesthacht ,Hamburg - Berlin or Berlin - Hamburg,Program Hamburg - Berlin,3,2,,exact,1726,Day 3: Hamburg - Geesthacht,Optie 2,52.0,0.72,216.0,Hoog,True
55330251,Day 4: Luneberg  (42 km),Hamburg - Berlin or Berlin - Hamburg,Program Hamburg - Berlin,4,1,,exact,1727,Day 4: Lüneburg,Optie 1,43.0,0.39,293.9,Laag (niet toegepast),False
55010301,day 5: Lüneburg Harbor - Bad Bevensen ,Hamburg - Berlin or Berlin - Hamburg,Program Hamburg - Berlin,5,1,,exact,1728,Day 5: Lüneberg - Bad Bevensen,Optie 1,26.0,0.08,145.2,Hoog,True
55010671,Day 6: Bad Bevensen - Meevaren - Alt Isenhagen,Hamburg - Berlin or Berlin - Hamburg,Program Hamburg - Berlin,6,1,,exact,1729,Day 6: Bad Bevensen - Alt Isenhagen,Optie 1,46.0,0.18,298.4,Hoog,True
55191165,Day 7: Alt Isenhagen - Weißes Moor - Wolfsburg   (46 km),Hamburg - Berlin or Berlin - Hamburg,Program Hamburg - Berlin,7,1,,exact,1730,Day 7: Alt Isenhagen - Wolfsburg,Optie 1,46.0,0.83,219.1,Hoog,True
55330469,DAy 9 : Calvorde (outside Wolfsburg) to Magdeburg (55km),Hamburg - Berlin or Berlin - Hamburg,Program Hamburg - Berlin,9,1,,exact,1732,Day 9: Wolfsburg - Magdeburg,Optie 1,59.0,0.33,272.4,Hoog,True
55188246,Day 10: Magdeburg - Genthin (55km),Hamburg - Berlin or Berlin - Hamburg,Program Hamburg - Berlin,10,1,,exact,1733,Day 10: Magdeburg - Genthin,Optie 1,55.0,0.3,256.6,Hoog,True
55188374,Day 11: Genthin - Brandenburg (38km),Hamburg - Berlin or Berlin - Hamburg,Program Hamburg - Berlin,11,1,,exact,1734,Day 11: Genthin - Brandenburg an der Havel,Optie 1,38.0,0.12,171.5,Hoog,True
55188659,Day 12: Brandeburg - Potsdam (40km),Hamburg - Berlin or Berlin - Hamburg,Program Hamburg - Berlin,12,1,,exact,1735,Day 12: Brandenburg - Potsdam,Optie 1,40.0,0.05,188.3,Hoog,True
55188910,Day 13: Potsdam - Berlijn (West: Spandau / Lindenufer area) approx. 23 km,Hamburg - Berlin or Berlin - Hamburg,Program Hamburg - Berlin,13,1,,exact,1736,Day 13: Potsdam - Spandau,Optie 1,23.0,0.15,157.8,Hoog,True
55662863,Day 14: Berlin - Spandau Castle,Hamburg - Berlin or Berlin - Hamburg,Program Hamburg - Berlin,14,1,,exact,1737,Day 14: explore Berlin,Optie 1,35.0,1.49,190.0,Redelijk,True
55662863,Day 14: Berlin - Spandau Castle,Hamburg - Berlin or Berlin - Hamburg,Program Berlin - Hamburg,2,1,,exact,1740,Day 2: explore Berlin,Optie 1,35.0,1.49,190.0,Redelijk,True
55188910,Day 13: Potsdam - Berlijn (West: Spandau / Lindenufer area) approx. 23 km,Hamburg - Berlin or Berlin - Hamburg,Program Berlin - Hamburg,3,1,,exact,1741,Day 3: Spandau - Potsdam,Optie 1,23.0,0.15,157.8,Hoog,True
55188659,Day 12: Brandeburg - Potsdam (40km),Hamburg - Berlin or Berlin - Hamburg,Program Berlin - Hamburg,4,1,,exact,1742,Day 4: Along the Havel to Brandenburg an der Havel,Optie 1,40.0,0.05,188.3,Laag (niet toegepast),False
55188374,Day 11: Genthin - Brandenburg (38km),Hamburg - Berlin or Berlin - Hamburg,Program Berlin - Hamburg,5,1,,exact,1743,Day 5: Brandenburg an der Havel to Genthin,Optie 1,38.0,0.12,171.5,Hoog,True
55188246,Day 10: Magdeburg - Genthin (55km),Hamburg - Berlin or Berlin - Hamburg,Program Berlin - Hamburg,6,1,,exact,1744,Day 6: Jerichower land to Magdeburg,Optie 1,55.0,0.3,256.6,Hoog,True
55330469,DAy 9 : Calvorde (outside Wolfsburg) to Magdeburg (55km),Hamburg - Berlin or Berlin - Hamburg,Program Berlin - Hamburg,7,1,,exact,1745,Day 7: to Wolfsburg,Optie 1,59.0,0.33,272.4,Laag (niet toegepast),False
55191165,Day 7: Alt Isenhagen - Weißes Moor - Wolfsburg   (46 km),Hamburg - Berlin or Berlin - Hamburg,Program Berlin - Hamburg,9,1,,exact,1747,Day 9: Alt Isenhagen,Optie 1,46.0,0.83,219.1,Hoog,True
55010671,Day 6: Bad Bevensen - Meevaren - Alt Isenhagen,Hamburg - Berlin or Berlin - Hamburg,Program Berlin - Hamburg,10,1,,exact,1748,Day 10: Bad Bevensen,Optie 1,46.0,0.18,298.4,Hoog,True
55010301,day 5: Lüneburg Harbor - Bad Bevensen ,Hamburg - Berlin or Berlin - Hamburg,Program Berlin - Hamburg,11,1,,exact,1749,Day 11:  Lüneburg,Optie 1,26.0,0.08,145.2,Hoog,True
55330251,Day 4: Luneberg  (42 km),Hamburg - Berlin or Berlin - Hamburg,Program Berlin - Hamburg,12,1,,exact,1750,Day 12: Geesthacht,Optie 1,43.0,0.39,293.9,Laag (niet toegepast),False
55010103,day 3: Hamburg - Geesthacht (shorter),Hamburg - Berlin or Berlin - Hamburg,Program Berlin - Hamburg,13,1,,exact,1751,Day 13: Geesthacht to Hamburg,Optie 1,40.0,0.35,170.7,Hoog,True
55009697,day 3: Hamburg - Geesthacht ,Hamburg - Berlin or Berlin - Hamburg,Program Berlin - Hamburg,13,2,,exact,1751,Day 13: Geesthacht to Hamburg,Optie 2,52.0,0.72,216.0,Hoog,True
55662863,Day 14: Berlin - Spandau Castle,Berlin and the Green Lake District,Program: Berlin and the Green Lake District,2,1,,exact,1755,Day 2: A journey through history along the Spree Berlin – Oranienburg,Optie 1,35.0,1.49,190.0,Redelijk,True
55010671,Day 6: Bad Bevensen - Meevaren - Alt Isenhagen,Berlin and the Green Lake District,Program: Berlin and the Green Lake District,2,2,,exact,1755,Day 2: A journey through history along the Spree Berlin – Oranienburg,Optie 2,48.0,1.82,298.4,Laag (niet toegepast),False
55188659,Day 12: Brandeburg - Potsdam (40km),Berlin and the Green Lake District,Program: Berlin and the Green Lake District,3,1,,exact,1756,"Day 3: Lakes, forests, and memorials: Oranienburg - Potsdam",Optie 1,35.0,4.95,188.3,Redelijk,True
55191165,Day 7: Alt Isenhagen - Weißes Moor - Wolfsburg   (46 km),Berlin and the Green Lake District,Program: Berlin and the Green Lake District,3,2,,exact,1756,"Day 3: Lakes, forests, and memorials: Oranienburg - Potsdam",Optie 2,45.0,0.17,219.1,Laag (niet toegepast),False
54563991,Short Potsdam - Oranianburg,Berlin and the Green Lake District,Program: Berlin and the Green Lake District,4,1,,exact,1757,Day 4: Palaces and Parks of Potsdam,Optie 1,30.0,0.83,161.5,Redelijk,True
55010103,day 3: Hamburg - Geesthacht (shorter),Berlin and the Green Lake District,Program: Berlin and the Green Lake District,5,1,,exact,1758,"Day 5: Einstein, Werder, and the Havel: Potsdam - Brandenburg an der Havel",Optie 1,40.0,0.35,170.7,Laag (niet toegepast),False
55188246,Day 10: Magdeburg - Genthin (55km),Berlin and the Green Lake District,Program: Berlin and the Green Lake District,5,2,,exact,1758,"Day 5: Einstein, Werder, and the Havel: Potsdam - Brandenburg an der Havel",Optie 2,55.0,0.3,256.6,Laag (niet toegepast),False
55188374,Day 11: Genthin - Brandenburg (38km),Berlin and the Green Lake District,Program: Berlin and the Green Lake District,6,1,,exact,1759,Day 6: Through water-rich Brandenburg: Brandenburg an der Havel - Berlin-Spandau,Optie 1,38.0,0.12,171.5,Hoog,True
55009697,day 3: Hamburg - Geesthacht ,Berlin and the Green Lake District,Program: Berlin and the Green Lake District,6,2,,exact,1759,Day 6: Through water-rich Brandenburg: Brandenburg an der Havel - Berlin-Spandau,Optie 2,50.0,2.72,216.0,Laag (niet toegepast),False
55662858,Day 14: Spandau-Berlin (estimate),Berlin and the Green Lake District,Program: Berlin and the Green Lake District,7,1,,exact,1760,Day 7: Berlin’s Past and Present,Optie 1,25.0,4.29,167.8,Redelijk,True
55453382,day 2: Lüneburg Old Town (route 2),Hamburg - Lübeck,Hamburg - Lübeck - Hamburg,2,1,,exact,1763,Day 2: Geesthacht – Lüneburg,Optie 1,30.0,3.56,221.5,Redelijk,True
54861226,Lübeck -  Mölln,Hamburg - Lübeck,Hamburg - Lübeck - Hamburg,2,2,,exact,1763,Day 2: Geesthacht – Lüneburg,Optie 2,45.0,3.75,329.7,Laag (niet toegepast),False
54859310,"Lauenburg-Mölln, Germany, option 3",Hamburg - Lübeck,Hamburg - Lübeck - Hamburg,3,1,,exact,1764,Day 3: Lüneburg to Lauenburg,Optie 1,35.0,0.27,199.1,Hoog,True
54679929,"Lauenburg-Mölln, Germany option 1",Hamburg - Lübeck,Hamburg - Lübeck - Hamburg,3,2,,exact,1764,Day 3: Lüneburg to Lauenburg,Optie 2,50.0,3.8,295.7,Redelijk,True
54738110,Mölln - Lübeck,Hamburg - Lübeck,Hamburg - Lübeck - Hamburg,4,1,,exact,1765,Day 4: Lauenburg - Mölln - Lübeck,Optie 1,34.0,1.18,241.1,Redelijk,True
54749423,Travemünde - Mölln - option 2,Hamburg - Lübeck,Hamburg - Lübeck - Hamburg,4,2,,exact,1765,Day 4: Lauenburg - Mölln - Lübeck,Optie 2,50.0,2.1,318.7,Redelijk,True
54738551,Day 5: Lübeck - Travemünde (Coastal),Hamburg - Lübeck,Hamburg - Lübeck - Hamburg,5,1,,exact,1766,Day 5: Lübeck - Travemünde - Lübeck,Optie 1,33.0,0.23,225.7,Hoog,True
55453702,Day 4 Witzeeze lock - Donnerschleuse lock,Hamburg - Lübeck,Hamburg - Lübeck - Hamburg,6,1,,exact,1767,Day 6: Lübeck - Witzeeze,Optie 1,32.0,0.02,185.1,Hoog,True
54753279,Lübeck to Mölln- option 2,Hamburg - Lübeck,Hamburg - Lübeck - Hamburg,6,2,,exact,1767,Day 6: Lübeck - Witzeeze,Optie 2,45.0,4.08,283.3,Redelijk,True
55469447,Day 7: Witzeeze - Geesthacht (25 km+-),Hamburg - Lübeck,Hamburg - Lübeck - Hamburg,7,1,,exact,1768,Day 7: Witzeeze - Hamburg,Optie 1,25.0,1.03,195.3,Redelijk,True
54736466,Luneberg Hafer option 2,Hamburg - Lübeck,Hamburg - Lübeck - Hamburg,7,2,,exact,1768,Day 7: Witzeeze - Hamburg,Optie 2,64.0,1.77,389.2,Laag (niet toegepast),False
51699437,Alken - Kobern - Winningen - Koblenz 25 km ENG 2025,Rhine highlights between Koblenz and Duisburg,Koblenz - Duisburg - Koblenz,2,1,EN,exact,1771,Day 2: Along the Rhine Cologne – Monheim – Düsseldorf,Optie 1,25.0,0.18,177.1,Laag (niet toegepast),False
53529607,Cochem - Koblenz 51 km ENG 2026,Rhine highlights between Koblenz and Duisburg,Koblenz - Duisburg - Koblenz,2,2,EN,exact,1771,Day 2: Along the Rhine Cologne – Monheim – Düsseldorf,Optie 2,55.0,3.65,356.2,Laag (niet toegepast),False
53657630,Mainz - Winningen - Burg Eltz - Treis-Karden (Via eltz) 40 km ENG 2026,Rhine highlights between Koblenz and Duisburg,Koblenz - Duisburg - Koblenz,3,1,EN,exact,1772,Day 3: Industrial heritage in the Ruhr: Düsseldorf – Duisburg,Optie 1,40.0,0.68,413.2,Laag (niet toegepast),False
51261538,Zell (loop via Kinheim & Traben-Trarbach) 59 km ENG 2025,Rhine highlights between Koblenz and Duisburg,Koblenz - Duisburg - Koblenz,3,2,EN,exact,1772,Day 3: Industrial heritage in the Ruhr: Düsseldorf – Duisburg,Optie 2,60.0,0.85,494.6,Laag (niet toegepast),False
56125478,Boppard - Winningen 30km ENG 2026,Rhine highlights between Koblenz and Duisburg,Koblenz - Duisburg - Koblenz,5,1,EN,exact,1774,Day 5: Between river meadows and the cathedral: Düsseldorf – Cologne,Optie 1,28.0,2.55,212.1,Laag (niet toegepast),False
53529591,Cochem-Beilstein-Ediger Eller-Bremm-Cochem 50 km 2025,Rhine highlights between Koblenz and Duisburg,Koblenz - Duisburg - Koblenz,5,2,,exact,1774,Day 5: Between river meadows and the cathedral: Düsseldorf – Cologne,Optie 2,52.0,2.41,335.7,Laag (niet toegepast),False
55191379|55487439,Oberwesel - Nierlahnstein 37km ENG,Rhine highlights between Koblenz and Duisburg,Koblenz - Duisburg - Koblenz,6,1,EN,ambiguous,1775,Day 6: In Beethoven's footsteps: Cologne – Bonn,Optie 1,38.0,0.52,289.4,Laag (niet toegepast),False
56125488,Andernach - Boppard 54km ENG 2026,Rhine highlights between Koblenz and Duisburg,Koblenz - Duisburg - Koblenz,6,2,EN,exact,1775,Day 6: In Beethoven's footsteps: Cologne – Bonn,Optie 2,58.0,4.53,277.6,Laag (niet toegepast),False
55599973,Alf - Bernkastel Kues 49km ENG 2026,Rhine highlights between Koblenz and Duisburg,Koblenz - Duisburg - Koblenz,7,1,EN,exact,1776,Day 7: The romantic Rhine Valley: Bonn - Remagen | Remagen – Koblenz,Optie 1,50.0,1.32,351.7,Laag (niet toegepast),False
