<?xml version="1.0" encoding="UTF-8"?>
<gpx xmlns:gpxdata="http://www.cluetrust.com/XML/GPXDATA/1/0" xmlns:xsi="http://www.w3.org/2001/XMLSchema-instance" xmlns="http://www.topografix.com/GPX/1/1" version="1.1" creator="http://ridewithgps.com/" xsi:schemaLocation="http://www.topografix.com/GPX/1/1 http://www.topografix.com/GPX/1/1/gpx.xsd http://www.cluetrust.com/XML/GPXDATA/1/0 http://www.cluetrust.com/Schemas/gpxdata10.xsd">
  <metadata>
    <name>Grave - Nijmegen (loop) 47km ENG 2026</name>
    <link href="https://ridewithgps.com/routes/56418895">
      <text>Grave - Nijmegen (loop) 47km ENG 2026</text>
    </link>
    <time>2026-07-31T10:25:35Z</time>
  </metadata>
  <trk>
    <name>Grave - Nijmegen (loop) 47km ENG 2026</name>
    <trkseg>
      <trkpt lat="51.76111" lon="5.73887">
        <ele>9.9</ele>
      </trkpt>
      <trkpt lat="51.76111" lon="5.73887">
        <ele>9.9</ele>
      </trkpt>
      <trkpt lat="51.76068" lon="5.73773">
        <ele>10.4</ele>
      </trkpt>
      <trkpt lat="51.76104" lon="5.73744">
        <ele>9.8</ele>
      </trkpt>
      <trkpt lat="51.7611" lon="5.73736">
        <ele>9.7</ele>
      </trkpt>
      <trkpt lat="51.76157" lon="5.73699">
        <ele>9.7</ele>
      </trkpt>
      <trkpt lat="51.76216" lon="5.73652">
        <ele>10.7</ele>
      </trkpt>
      <trkpt lat="51.76274" lon="5.73606">
        <ele>10.9</ele>
      </trkpt>
      <trkpt lat="51.76333" lon="5.7356">
        <ele>11.3</ele>
      </trkpt>
      <trkpt lat="51.76381" lon="5.73519">
        <ele>10.1</ele>
      </trkpt>
      <trkpt lat="51.76457" lon="5.73464">
        <ele>9.6</ele>
      </trkpt>
      <trkpt lat="51.76533" lon="5.73408">
        <ele>10.7</ele>
      </trkpt>
      <trkpt lat="51.76609" lon="5.73353">
        <ele>10.5</ele>
      </trkpt>
      <trkpt lat="51.76684" lon="5.73298">
        <ele>10.4</ele>
      </trkpt>
      <trkpt lat="51.7676" lon="5.73242">
        <ele>11.0</ele>
      </trkpt>
      <trkpt lat="51.76764" lon="5.73255">
        <ele>10.8</ele>
      </trkpt>
      <trkpt lat="51.76767" lon="5.73281">
        <ele>10.4</ele>
      </trkpt>
      <trkpt lat="51.7677" lon="5.7329">
        <ele>10.3</ele>
      </trkpt>
      <trkpt lat="51.76773" lon="5.73293">
        <ele>10.2</ele>
      </trkpt>
      <trkpt lat="51.76779" lon="5.73298">
        <ele>10.1</ele>
      </trkpt>
      <trkpt lat="51.76788" lon="5.73299">
        <ele>10.0</ele>
      </trkpt>
      <trkpt lat="51.76793" lon="5.73298">
        <ele>9.9</ele>
      </trkpt>
      <trkpt lat="51.76799" lon="5.73295">
        <ele>9.9</ele>
      </trkpt>
      <trkpt lat="51.76804" lon="5.73291">
        <ele>9.9</ele>
      </trkpt>
      <trkpt lat="51.76813" lon="5.73277">
        <ele>9.9</ele>
      </trkpt>
      <trkpt lat="51.76816" lon="5.7327">
        <ele>10.0</ele>
      </trkpt>
      <trkpt lat="51.76821" lon="5.73251">
        <ele>10.1</ele>
      </trkpt>
      <trkpt lat="51.76822" lon="5.73242">
        <ele>10.1</ele>
      </trkpt>
      <trkpt lat="51.76821" lon="5.7323">
        <ele>10.2</ele>
      </trkpt>
      <trkpt lat="51.76817" lon="5.7321">
        <ele>10.3</ele>
      </trkpt>
      <trkpt lat="51.7681" lon="5.73194">
        <ele>10.5</ele>
      </trkpt>
      <trkpt lat="51.76805" lon="5.73188">
        <ele>10.6</ele>
      </trkpt>
      <trkpt lat="51.76801" lon="5.73184">
        <ele>10.7</ele>
      </trkpt>
      <trkpt lat="51.76798" lon="5.73183">
        <ele>10.8</ele>
      </trkpt>
      <trkpt lat="51.7679" lon="5.73185">
        <ele>10.9</ele>
      </trkpt>
      <trkpt lat="51.76785" lon="5.73189">
        <ele>11.0</ele>
      </trkpt>
      <trkpt lat="51.76781" lon="5.73198">
        <ele>11.0</ele>
      </trkpt>
      <trkpt lat="51.76781" lon="5.73204">
        <ele>11.0</ele>
      </trkpt>
      <trkpt lat="51.76781" lon="5.73211">
        <ele>10.9</ele>
      </trkpt>
      <trkpt lat="51.76782" lon="5.73218">
        <ele>10.9</ele>
      </trkpt>
      <trkpt lat="51.76799" lon="5.73265">
        <ele>11.0</ele>
      </trkpt>
      <trkpt lat="51.76832" lon="5.73365">
        <ele>11.3</ele>
      </trkpt>
      <trkpt lat="51.76865" lon="5.73464">
        <ele>11.5</ele>
      </trkpt>
      <trkpt lat="51.76898" lon="5.73564">
        <ele>11.8</ele>
      </trkpt>
      <trkpt lat="51.76937" lon="5.73682">
        <ele>12.1</ele>
      </trkpt>
      <trkpt lat="51.76976" lon="5.73799">
        <ele>12.5</ele>
      </trkpt>
      <trkpt lat="51.77016" lon="5.73917">
        <ele>12.8</ele>
      </trkpt>
      <trkpt lat="51.77025" lon="5.73942">
        <ele>12.9</ele>
      </trkpt>
      <trkpt lat="51.77048" lon="5.74004">
        <ele>13.1</ele>
      </trkpt>
      <trkpt lat="51.77091" lon="5.73966">
        <ele>12.4</ele>
      </trkpt>
      <trkpt lat="51.77133" lon="5.73929">
        <ele>9.5</ele>
      </trkpt>
      <trkpt lat="51.77141" lon="5.73921">
        <ele>9.0</ele>
      </trkpt>
      <trkpt lat="51.77144" lon="5.73916">
        <ele>8.8</ele>
      </trkpt>
      <trkpt lat="51.77146" lon="5.73909">
        <ele>8.6</ele>
      </trkpt>
      <trkpt lat="51.77147" lon="5.73899">
        <ele>8.4</ele>
      </trkpt>
      <trkpt lat="51.77146" lon="5.73888">
        <ele>8.2</ele>
      </trkpt>
      <trkpt lat="51.77132" lon="5.73896">
        <ele>8.8</ele>
      </trkpt>
      <trkpt lat="51.77118" lon="5.73902">
        <ele>9.4</ele>
      </trkpt>
      <trkpt lat="51.771" lon="5.73907">
        <ele>10.1</ele>
      </trkpt>
      <trkpt lat="51.77073" lon="5.73909">
        <ele>10.7</ele>
      </trkpt>
      <trkpt lat="51.77058" lon="5.73909">
        <ele>10.8</ele>
      </trkpt>
      <trkpt lat="51.77047" lon="5.73911">
        <ele>10.9</ele>
      </trkpt>
      <trkpt lat="51.77025" lon="5.73919">
        <ele>11.0</ele>
      </trkpt>
      <trkpt lat="51.77006" lon="5.73936">
        <ele>11.3</ele>
      </trkpt>
      <trkpt lat="51.76994" lon="5.7395">
        <ele>11.2</ele>
      </trkpt>
      <trkpt lat="51.76985" lon="5.73965">
        <ele>10.9</ele>
      </trkpt>
      <trkpt lat="51.76976" lon="5.73981">
        <ele>10.7</ele>
      </trkpt>
      <trkpt lat="51.76968" lon="5.74002">
        <ele>10.5</ele>
      </trkpt>
      <trkpt lat="51.76961" lon="5.74028">
        <ele>10.3</ele>
      </trkpt>
      <trkpt lat="51.76953" lon="5.74058">
        <ele>10.1</ele>
      </trkpt>
      <trkpt lat="51.76947" lon="5.74094">
        <ele>10.3</ele>
      </trkpt>
      <trkpt lat="51.76938" lon="5.74158">
        <ele>11.3</ele>
      </trkpt>
      <trkpt lat="51.76932" lon="5.74204">
        <ele>10.8</ele>
      </trkpt>
      <trkpt lat="51.76931" lon="5.74219">
        <ele>10.6</ele>
      </trkpt>
      <trkpt lat="51.76931" lon="5.74237">
        <ele>10.4</ele>
      </trkpt>
      <trkpt lat="51.76933" lon="5.74251">
        <ele>10.2</ele>
      </trkpt>
      <trkpt lat="51.76936" lon="5.74263">
        <ele>10.0</ele>
      </trkpt>
      <trkpt lat="51.76944" lon="5.74282">
        <ele>9.8</ele>
      </trkpt>
      <trkpt lat="51.76949" lon="5.7429">
        <ele>9.7</ele>
      </trkpt>
      <trkpt lat="51.76956" lon="5.74297">
        <ele>9.6</ele>
      </trkpt>
      <trkpt lat="51.76964" lon="5.74304">
        <ele>9.6</ele>
      </trkpt>
      <trkpt lat="51.76978" lon="5.74312">
        <ele>9.4</ele>
      </trkpt>
      <trkpt lat="51.7699" lon="5.74315">
        <ele>9.4</ele>
      </trkpt>
      <trkpt lat="51.76993" lon="5.74335">
        <ele>9.0</ele>
      </trkpt>
      <trkpt lat="51.77014" lon="5.74416">
        <ele>9.2</ele>
      </trkpt>
      <trkpt lat="51.77019" lon="5.74439">
        <ele>9.5</ele>
      </trkpt>
      <trkpt lat="51.7702" lon="5.74453">
        <ele>9.7</ele>
      </trkpt>
      <trkpt lat="51.77018" lon="5.74492">
        <ele>10.1</ele>
      </trkpt>
      <trkpt lat="51.77016" lon="5.74511">
        <ele>10.2</ele>
      </trkpt>
      <trkpt lat="51.77001" lon="5.74617">
        <ele>10.0</ele>
      </trkpt>
      <trkpt lat="51.76993" lon="5.7466">
        <ele>9.8</ele>
      </trkpt>
      <trkpt lat="51.7698" lon="5.74752">
        <ele>9.5</ele>
      </trkpt>
      <trkpt lat="51.76966" lon="5.74845">
        <ele>9.1</ele>
      </trkpt>
      <trkpt lat="51.76963" lon="5.74884">
        <ele>8.8</ele>
      </trkpt>
      <trkpt lat="51.76963" lon="5.74943">
        <ele>8.2</ele>
      </trkpt>
      <trkpt lat="51.76958" lon="5.74973">
        <ele>7.8</ele>
      </trkpt>
      <trkpt lat="51.76945" lon="5.75044">
        <ele>7.3</ele>
      </trkpt>
      <trkpt lat="51.76927" lon="5.75158">
        <ele>7.8</ele>
      </trkpt>
      <trkpt lat="51.76908" lon="5.75272">
        <ele>8.1</ele>
      </trkpt>
      <trkpt lat="51.7689" lon="5.75386">
        <ele>8.0</ele>
      </trkpt>
      <trkpt lat="51.76872" lon="5.755">
        <ele>8.0</ele>
      </trkpt>
      <trkpt lat="51.76853" lon="5.75618">
        <ele>8.3</ele>
      </trkpt>
      <trkpt lat="51.76864" lon="5.75631">
        <ele>8.6</ele>
      </trkpt>
      <trkpt lat="51.76885" lon="5.75647">
        <ele>9.1</ele>
      </trkpt>
      <trkpt lat="51.76892" lon="5.75651">
        <ele>9.3</ele>
      </trkpt>
      <trkpt lat="51.76913" lon="5.75659">
        <ele>9.8</ele>
      </trkpt>
      <trkpt lat="51.7696" lon="5.75679">
        <ele>9.5</ele>
      </trkpt>
      <trkpt lat="51.76977" lon="5.75688">
        <ele>9.3</ele>
      </trkpt>
      <trkpt lat="51.7702" lon="5.7571">
        <ele>8.8</ele>
      </trkpt>
      <trkpt lat="51.77063" lon="5.75732">
        <ele>8.2</ele>
      </trkpt>
      <trkpt lat="51.77139" lon="5.75779">
        <ele>8.3</ele>
      </trkpt>
      <trkpt lat="51.77161" lon="5.75655">
        <ele>7.9</ele>
      </trkpt>
      <trkpt lat="51.77182" lon="5.75532">
        <ele>6.6</ele>
      </trkpt>
      <trkpt lat="51.77204" lon="5.75408">
        <ele>7.7</ele>
      </trkpt>
      <trkpt lat="51.77225" lon="5.75284">
        <ele>8.9</ele>
      </trkpt>
      <trkpt lat="51.77246" lon="5.75161">
        <ele>9.1</ele>
      </trkpt>
      <trkpt lat="51.7729" lon="5.75179">
        <ele>8.9</ele>
      </trkpt>
      <trkpt lat="51.77335" lon="5.75198">
        <ele>8.6</ele>
      </trkpt>
      <trkpt lat="51.77406" lon="5.75243">
        <ele>7.1</ele>
      </trkpt>
      <trkpt lat="51.77478" lon="5.75288">
        <ele>7.3</ele>
      </trkpt>
      <trkpt lat="51.7755" lon="5.75333">
        <ele>8.0</ele>
      </trkpt>
      <trkpt lat="51.77568" lon="5.75348">
        <ele>8.0</ele>
      </trkpt>
      <trkpt lat="51.77596" lon="5.7538">
        <ele>7.9</ele>
      </trkpt>
      <trkpt lat="51.77606" lon="5.75396">
        <ele>7.9</ele>
      </trkpt>
      <trkpt lat="51.77628" lon="5.75438">
        <ele>8.1</ele>
      </trkpt>
      <trkpt lat="51.77642" lon="5.75487">
        <ele>8.6</ele>
      </trkpt>
      <trkpt lat="51.77652" lon="5.75537">
        <ele>8.5</ele>
      </trkpt>
      <trkpt lat="51.77667" lon="5.75629">
        <ele>6.9</ele>
      </trkpt>
      <trkpt lat="51.77669" lon="5.75664">
        <ele>6.0</ele>
      </trkpt>
      <trkpt lat="51.77669" lon="5.75685">
        <ele>6.0</ele>
      </trkpt>
      <trkpt lat="51.77667" lon="5.75707">
        <ele>6.0</ele>
      </trkpt>
      <trkpt lat="51.77664" lon="5.75729">
        <ele>6.1</ele>
      </trkpt>
      <trkpt lat="51.7766" lon="5.75748">
        <ele>6.2</ele>
      </trkpt>
      <trkpt lat="51.77636" lon="5.75834">
        <ele>7.7</ele>
      </trkpt>
      <trkpt lat="51.77611" lon="5.7592">
        <ele>8.3</ele>
      </trkpt>
      <trkpt lat="51.77589" lon="5.75993">
        <ele>8.9</ele>
      </trkpt>
      <trkpt lat="51.77567" lon="5.76067">
        <ele>7.3</ele>
      </trkpt>
      <trkpt lat="51.77543" lon="5.76156">
        <ele>6.1</ele>
      </trkpt>
      <trkpt lat="51.77533" lon="5.76199">
        <ele>6.2</ele>
      </trkpt>
      <trkpt lat="51.77523" lon="5.76252">
        <ele>6.5</ele>
      </trkpt>
      <trkpt lat="51.77506" lon="5.76351">
        <ele>6.7</ele>
      </trkpt>
      <trkpt lat="51.77502" lon="5.76369">
        <ele>6.6</ele>
      </trkpt>
      <trkpt lat="51.77493" lon="5.76403">
        <ele>6.2</ele>
      </trkpt>
      <trkpt lat="51.77483" lon="5.76433">
        <ele>6.0</ele>
      </trkpt>
      <trkpt lat="51.77472" lon="5.76457">
        <ele>5.9</ele>
      </trkpt>
      <trkpt lat="51.77458" lon="5.76486">
        <ele>5.7</ele>
      </trkpt>
      <trkpt lat="51.77442" lon="5.76513">
        <ele>5.7</ele>
      </trkpt>
      <trkpt lat="51.77426" lon="5.76537">
        <ele>5.9</ele>
      </trkpt>
      <trkpt lat="51.77373" lon="5.76624">
        <ele>6.5</ele>
      </trkpt>
      <trkpt lat="51.77355" lon="5.76661">
        <ele>6.7</ele>
      </trkpt>
      <trkpt lat="51.77316" lon="5.76762">
        <ele>7.3</ele>
      </trkpt>
      <trkpt lat="51.7728" lon="5.76869">
        <ele>7.6</ele>
      </trkpt>
      <trkpt lat="51.77243" lon="5.76975">
        <ele>7.2</ele>
      </trkpt>
      <trkpt lat="51.77239" lon="5.76991">
        <ele>7.0</ele>
      </trkpt>
      <trkpt lat="51.77284" lon="5.77018">
        <ele>7.0</ele>
      </trkpt>
      <trkpt lat="51.77339" lon="5.77057">
        <ele>7.0</ele>
      </trkpt>
      <trkpt lat="51.77395" lon="5.77095">
        <ele>6.9</ele>
      </trkpt>
      <trkpt lat="51.77459" lon="5.77138">
        <ele>6.5</ele>
      </trkpt>
      <trkpt lat="51.77511" lon="5.77168">
        <ele>7.2</ele>
      </trkpt>
      <trkpt lat="51.77562" lon="5.77198">
        <ele>8.6</ele>
      </trkpt>
      <trkpt lat="51.77564" lon="5.77206">
        <ele>8.8</ele>
      </trkpt>
      <trkpt lat="51.77565" lon="5.77222">
        <ele>9.3</ele>
      </trkpt>
      <trkpt lat="51.77551" lon="5.77336">
        <ele>13.0</ele>
      </trkpt>
      <trkpt lat="51.77538" lon="5.7745">
        <ele>11.4</ele>
      </trkpt>
      <trkpt lat="51.77536" lon="5.77464">
        <ele>11.1</ele>
      </trkpt>
      <trkpt lat="51.77534" lon="5.77469">
        <ele>11.0</ele>
      </trkpt>
      <trkpt lat="51.77532" lon="5.77473">
        <ele>10.9</ele>
      </trkpt>
      <trkpt lat="51.77588" lon="5.77507">
        <ele>10.8</ele>
      </trkpt>
      <trkpt lat="51.77655" lon="5.77551">
        <ele>9.8</ele>
      </trkpt>
      <trkpt lat="51.77672" lon="5.77565">
        <ele>9.5</ele>
      </trkpt>
      <trkpt lat="51.7773" lon="5.77604">
        <ele>9.5</ele>
      </trkpt>
      <trkpt lat="51.7776" lon="5.77575">
        <ele>10.0</ele>
      </trkpt>
      <trkpt lat="51.77776" lon="5.77558">
        <ele>9.9</ele>
      </trkpt>
      <trkpt lat="51.77795" lon="5.77532">
        <ele>9.7</ele>
      </trkpt>
      <trkpt lat="51.77804" lon="5.7749">
        <ele>9.6</ele>
      </trkpt>
      <trkpt lat="51.77834" lon="5.77365">
        <ele>8.0</ele>
      </trkpt>
      <trkpt lat="51.77837" lon="5.77362">
        <ele>7.9</ele>
      </trkpt>
      <trkpt lat="51.7784" lon="5.7736">
        <ele>7.8</ele>
      </trkpt>
      <trkpt lat="51.77856" lon="5.77371">
        <ele>7.5</ele>
      </trkpt>
      <trkpt lat="51.77938" lon="5.77431">
        <ele>5.7</ele>
      </trkpt>
      <trkpt lat="51.7794" lon="5.77432">
        <ele>5.7</ele>
      </trkpt>
      <trkpt lat="51.77964" lon="5.77424">
        <ele>5.4</ele>
      </trkpt>
      <trkpt lat="51.78022" lon="5.77459">
        <ele>4.6</ele>
      </trkpt>
      <trkpt lat="51.7808" lon="5.77494">
        <ele>5.0</ele>
      </trkpt>
      <trkpt lat="51.78138" lon="5.7753">
        <ele>5.0</ele>
      </trkpt>
      <trkpt lat="51.78142" lon="5.77531">
        <ele>5.0</ele>
      </trkpt>
      <trkpt lat="51.78146" lon="5.7753">
        <ele>5.0</ele>
      </trkpt>
      <trkpt lat="51.7815" lon="5.77526">
        <ele>5.0</ele>
      </trkpt>
      <trkpt lat="51.78176" lon="5.77405">
        <ele>5.1</ele>
      </trkpt>
      <trkpt lat="51.78195" lon="5.77307">
        <ele>5.2</ele>
      </trkpt>
      <trkpt lat="51.78248" lon="5.77328">
        <ele>5.9</ele>
      </trkpt>
      <trkpt lat="51.7832" lon="5.77358">
        <ele>6.0</ele>
      </trkpt>
      <trkpt lat="51.78392" lon="5.77388">
        <ele>7.6</ele>
      </trkpt>
      <trkpt lat="51.7841" lon="5.77398">
        <ele>8.3</ele>
      </trkpt>
      <trkpt lat="51.78445" lon="5.77423">
        <ele>10.8</ele>
      </trkpt>
      <trkpt lat="51.78466" lon="5.77442">
        <ele>12.4</ele>
      </trkpt>
      <trkpt lat="51.78539" lon="5.77499">
        <ele>15.9</ele>
      </trkpt>
      <trkpt lat="51.78578" lon="5.77529">
        <ele>16.5</ele>
      </trkpt>
      <trkpt lat="51.78631" lon="5.77566">
        <ele>16.8</ele>
      </trkpt>
      <trkpt lat="51.78644" lon="5.77575">
        <ele>16.8</ele>
      </trkpt>
      <trkpt lat="51.78655" lon="5.7758">
        <ele>16.9</ele>
      </trkpt>
      <trkpt lat="51.78695" lon="5.77591">
        <ele>16.8</ele>
      </trkpt>
      <trkpt lat="51.78752" lon="5.77601">
        <ele>16.4</ele>
      </trkpt>
      <trkpt lat="51.78809" lon="5.7761">
        <ele>12.3</ele>
      </trkpt>
      <trkpt lat="51.7885" lon="5.77619">
        <ele>9.9</ele>
      </trkpt>
      <trkpt lat="51.78861" lon="5.77625">
        <ele>9.3</ele>
      </trkpt>
      <trkpt lat="51.78868" lon="5.77631">
        <ele>9.0</ele>
      </trkpt>
      <trkpt lat="51.7888" lon="5.77646">
        <ele>8.4</ele>
      </trkpt>
      <trkpt lat="51.78896" lon="5.7767">
        <ele>7.7</ele>
      </trkpt>
      <trkpt lat="51.78934" lon="5.77716">
        <ele>6.9</ele>
      </trkpt>
      <trkpt lat="51.78945" lon="5.77727">
        <ele>6.9</ele>
      </trkpt>
      <trkpt lat="51.78954" lon="5.77735">
        <ele>6.9</ele>
      </trkpt>
      <trkpt lat="51.79014" lon="5.77777">
        <ele>7.5</ele>
      </trkpt>
      <trkpt lat="51.79024" lon="5.77785">
        <ele>7.8</ele>
      </trkpt>
      <trkpt lat="51.79031" lon="5.77792">
        <ele>8.1</ele>
      </trkpt>
      <trkpt lat="51.79038" lon="5.77803">
        <ele>8.4</ele>
      </trkpt>
      <trkpt lat="51.79055" lon="5.77837">
        <ele>9.4</ele>
      </trkpt>
      <trkpt lat="51.79062" lon="5.77846">
        <ele>9.9</ele>
      </trkpt>
      <trkpt lat="51.79071" lon="5.77856">
        <ele>10.5</ele>
      </trkpt>
      <trkpt lat="51.79119" lon="5.77904">
        <ele>11.4</ele>
      </trkpt>
      <trkpt lat="51.79166" lon="5.7797">
        <ele>11.3</ele>
      </trkpt>
      <trkpt lat="51.79201" lon="5.78015">
        <ele>10.7</ele>
      </trkpt>
      <trkpt lat="51.79205" lon="5.78019">
        <ele>10.5</ele>
      </trkpt>
      <trkpt lat="51.79234" lon="5.78084">
        <ele>9.4</ele>
      </trkpt>
      <trkpt lat="51.79262" lon="5.7815">
        <ele>9.3</ele>
      </trkpt>
      <trkpt lat="51.79305" lon="5.78248">
        <ele>10.3</ele>
      </trkpt>
      <trkpt lat="51.79322" lon="5.7829">
        <ele>11.1</ele>
      </trkpt>
      <trkpt lat="51.7933" lon="5.783">
        <ele>11.5</ele>
      </trkpt>
      <trkpt lat="51.79342" lon="5.78292">
        <ele>11.6</ele>
      </trkpt>
      <trkpt lat="51.7937" lon="5.78245">
        <ele>11.9</ele>
      </trkpt>
      <trkpt lat="51.79378" lon="5.78239">
        <ele>12.1</ele>
      </trkpt>
      <trkpt lat="51.79422" lon="5.78245">
        <ele>13.1</ele>
      </trkpt>
      <trkpt lat="51.79473" lon="5.78255">
        <ele>14.2</ele>
      </trkpt>
      <trkpt lat="51.79524" lon="5.78265">
        <ele>14.2</ele>
      </trkpt>
      <trkpt lat="51.79546" lon="5.78267">
        <ele>13.8</ele>
      </trkpt>
      <trkpt lat="51.7956" lon="5.78266">
        <ele>13.7</ele>
      </trkpt>
      <trkpt lat="51.79574" lon="5.78261">
        <ele>13.7</ele>
      </trkpt>
      <trkpt lat="51.79617" lon="5.78234">
        <ele>14.8</ele>
      </trkpt>
      <trkpt lat="51.79659" lon="5.78207">
        <ele>15.5</ele>
      </trkpt>
      <trkpt lat="51.79697" lon="5.78178">
        <ele>14.7</ele>
      </trkpt>
      <trkpt lat="51.79716" lon="5.78161">
        <ele>14.3</ele>
      </trkpt>
      <trkpt lat="51.79735" lon="5.78142">
        <ele>14.1</ele>
      </trkpt>
      <trkpt lat="51.7973" lon="5.78161">
        <ele>13.8</ele>
      </trkpt>
      <trkpt lat="51.79717" lon="5.7822">
        <ele>13.2</ele>
      </trkpt>
      <trkpt lat="51.79712" lon="5.78251">
        <ele>12.8</ele>
      </trkpt>
      <trkpt lat="51.79708" lon="5.78281">
        <ele>12.3</ele>
      </trkpt>
      <trkpt lat="51.79705" lon="5.78323">
        <ele>11.4</ele>
      </trkpt>
      <trkpt lat="51.79694" lon="5.78445">
        <ele>11.9</ele>
      </trkpt>
      <trkpt lat="51.79684" lon="5.78528">
        <ele>13.0</ele>
      </trkpt>
      <trkpt lat="51.79675" lon="5.78612">
        <ele>13.5</ele>
      </trkpt>
      <trkpt lat="51.79672" lon="5.78639">
        <ele>13.7</ele>
      </trkpt>
      <trkpt lat="51.7967" lon="5.78723">
        <ele>13.1</ele>
      </trkpt>
      <trkpt lat="51.79668" lon="5.78808">
        <ele>11.5</ele>
      </trkpt>
      <trkpt lat="51.79662" lon="5.78889">
        <ele>11.3</ele>
      </trkpt>
      <trkpt lat="51.79656" lon="5.78969">
        <ele>11.1</ele>
      </trkpt>
      <trkpt lat="51.79654" lon="5.78986">
        <ele>11.1</ele>
      </trkpt>
      <trkpt lat="51.7965" lon="5.78999">
        <ele>11.2</ele>
      </trkpt>
      <trkpt lat="51.79627" lon="5.79061">
        <ele>12.9</ele>
      </trkpt>
      <trkpt lat="51.79604" lon="5.79127">
        <ele>14.8</ele>
      </trkpt>
      <trkpt lat="51.796" lon="5.79149">
        <ele>15.3</ele>
      </trkpt>
      <trkpt lat="51.79628" lon="5.79248">
        <ele>13.2</ele>
      </trkpt>
      <trkpt lat="51.79637" lon="5.79281">
        <ele>12.9</ele>
      </trkpt>
      <trkpt lat="51.79638" lon="5.79295">
        <ele>12.9</ele>
      </trkpt>
      <trkpt lat="51.79635" lon="5.79304">
        <ele>13.3</ele>
      </trkpt>
      <trkpt lat="51.79631" lon="5.79311">
        <ele>13.7</ele>
      </trkpt>
      <trkpt lat="51.79625" lon="5.79317">
        <ele>14.3</ele>
      </trkpt>
      <trkpt lat="51.79586" lon="5.79345">
        <ele>17.4</ele>
      </trkpt>
      <trkpt lat="51.79574" lon="5.79359">
        <ele>17.3</ele>
      </trkpt>
      <trkpt lat="51.79567" lon="5.79373">
        <ele>17.1</ele>
      </trkpt>
      <trkpt lat="51.7956" lon="5.79391">
        <ele>17.0</ele>
      </trkpt>
      <trkpt lat="51.79556" lon="5.79414">
        <ele>16.7</ele>
      </trkpt>
      <trkpt lat="51.79553" lon="5.79438">
        <ele>16.4</ele>
      </trkpt>
      <trkpt lat="51.79548" lon="5.795">
        <ele>15.8</ele>
      </trkpt>
      <trkpt lat="51.79542" lon="5.79537">
        <ele>15.4</ele>
      </trkpt>
      <trkpt lat="51.79537" lon="5.7956">
        <ele>15.1</ele>
      </trkpt>
      <trkpt lat="51.79508" lon="5.79651">
        <ele>12.6</ele>
      </trkpt>
      <trkpt lat="51.79492" lon="5.79706">
        <ele>11.8</ele>
      </trkpt>
      <trkpt lat="51.79461" lon="5.79834">
        <ele>9.9</ele>
      </trkpt>
      <trkpt lat="51.79449" lon="5.79891">
        <ele>11.1</ele>
      </trkpt>
      <trkpt lat="51.7944" lon="5.79944">
        <ele>12.4</ele>
      </trkpt>
      <trkpt lat="51.7944" lon="5.79955">
        <ele>12.7</ele>
      </trkpt>
      <trkpt lat="51.79443" lon="5.79961">
        <ele>12.6</ele>
      </trkpt>
      <trkpt lat="51.79444" lon="5.79981">
        <ele>13.0</ele>
      </trkpt>
      <trkpt lat="51.79443" lon="5.79993">
        <ele>13.3</ele>
      </trkpt>
      <trkpt lat="51.7944" lon="5.79998">
        <ele>13.6</ele>
      </trkpt>
      <trkpt lat="51.79434" lon="5.80001">
        <ele>14.0</ele>
      </trkpt>
      <trkpt lat="51.79431" lon="5.80001">
        <ele>14.2</ele>
      </trkpt>
      <trkpt lat="51.79422" lon="5.79996">
        <ele>14.6</ele>
      </trkpt>
      <trkpt lat="51.79411" lon="5.79996">
        <ele>15.0</ele>
      </trkpt>
      <trkpt lat="51.79409" lon="5.80009">
        <ele>15.3</ele>
      </trkpt>
      <trkpt lat="51.79431" lon="5.80016">
        <ele>14.5</ele>
      </trkpt>
      <trkpt lat="51.79458" lon="5.80019">
        <ele>12.7</ele>
      </trkpt>
      <trkpt lat="51.79478" lon="5.80025">
        <ele>11.5</ele>
      </trkpt>
      <trkpt lat="51.79489" lon="5.80031">
        <ele>10.8</ele>
      </trkpt>
      <trkpt lat="51.7951" lon="5.80044">
        <ele>9.7</ele>
      </trkpt>
      <trkpt lat="51.79516" lon="5.8005">
        <ele>9.5</ele>
      </trkpt>
      <trkpt lat="51.79524" lon="5.8006">
        <ele>9.4</ele>
      </trkpt>
      <trkpt lat="51.79537" lon="5.80074">
        <ele>9.3</ele>
      </trkpt>
      <trkpt lat="51.79583" lon="5.80121">
        <ele>9.1</ele>
      </trkpt>
      <trkpt lat="51.79591" lon="5.80129">
        <ele>9.1</ele>
      </trkpt>
      <trkpt lat="51.79602" lon="5.80135">
        <ele>9.1</ele>
      </trkpt>
      <trkpt lat="51.79612" lon="5.80142">
        <ele>9.2</ele>
      </trkpt>
      <trkpt lat="51.79653" lon="5.80183">
        <ele>9.1</ele>
      </trkpt>
      <trkpt lat="51.79694" lon="5.80224">
        <ele>8.6</ele>
      </trkpt>
      <trkpt lat="51.79738" lon="5.80264">
        <ele>8.4</ele>
      </trkpt>
      <trkpt lat="51.79782" lon="5.80305">
        <ele>9.5</ele>
      </trkpt>
      <trkpt lat="51.79792" lon="5.80313">
        <ele>9.6</ele>
      </trkpt>
      <trkpt lat="51.79801" lon="5.80312">
        <ele>9.6</ele>
      </trkpt>
      <trkpt lat="51.79806" lon="5.80309">
        <ele>9.6</ele>
      </trkpt>
      <trkpt lat="51.7981" lon="5.80304">
        <ele>9.5</ele>
      </trkpt>
      <trkpt lat="51.79849" lon="5.80245">
        <ele>9.5</ele>
      </trkpt>
      <trkpt lat="51.79888" lon="5.80186">
        <ele>10.7</ele>
      </trkpt>
      <trkpt lat="51.79923" lon="5.80141">
        <ele>11.4</ele>
      </trkpt>
      <trkpt lat="51.79959" lon="5.80102">
        <ele>10.8</ele>
      </trkpt>
      <trkpt lat="51.79979" lon="5.80082">
        <ele>10.7</ele>
      </trkpt>
      <trkpt lat="51.8001" lon="5.80059">
        <ele>10.6</ele>
      </trkpt>
      <trkpt lat="51.8006" lon="5.80029">
        <ele>10.1</ele>
      </trkpt>
      <trkpt lat="51.80069" lon="5.80022">
        <ele>10.0</ele>
      </trkpt>
      <trkpt lat="51.80079" lon="5.80011">
        <ele>10.0</ele>
      </trkpt>
      <trkpt lat="51.80082" lon="5.80009">
        <ele>10.0</ele>
      </trkpt>
      <trkpt lat="51.80087" lon="5.80013">
        <ele>10.1</ele>
      </trkpt>
      <trkpt lat="51.80101" lon="5.80042">
        <ele>10.4</ele>
      </trkpt>
      <trkpt lat="51.80106" lon="5.80046">
        <ele>10.5</ele>
      </trkpt>
      <trkpt lat="51.80146" lon="5.80133">
        <ele>11.5</ele>
      </trkpt>
      <trkpt lat="51.80186" lon="5.80219">
        <ele>12.0</ele>
      </trkpt>
      <trkpt lat="51.80233" lon="5.80324">
        <ele>12.7</ele>
      </trkpt>
      <trkpt lat="51.80248" lon="5.80354">
        <ele>12.7</ele>
      </trkpt>
      <trkpt lat="51.80277" lon="5.8043">
        <ele>12.1</ele>
      </trkpt>
      <trkpt lat="51.80279" lon="5.80439">
        <ele>12.0</ele>
      </trkpt>
      <trkpt lat="51.80279" lon="5.80456">
        <ele>11.7</ele>
      </trkpt>
      <trkpt lat="51.80281" lon="5.80463">
        <ele>11.7</ele>
      </trkpt>
      <trkpt lat="51.80292" lon="5.80489">
        <ele>11.6</ele>
      </trkpt>
      <trkpt lat="51.80295" lon="5.80493">
        <ele>11.7</ele>
      </trkpt>
      <trkpt lat="51.80298" lon="5.80495">
        <ele>11.8</ele>
      </trkpt>
      <trkpt lat="51.80309" lon="5.80498">
        <ele>12.1</ele>
      </trkpt>
      <trkpt lat="51.80313" lon="5.80503">
        <ele>12.3</ele>
      </trkpt>
      <trkpt lat="51.80317" lon="5.8051">
        <ele>12.5</ele>
      </trkpt>
      <trkpt lat="51.80361" lon="5.80606">
        <ele>12.6</ele>
      </trkpt>
      <trkpt lat="51.80367" lon="5.80621">
        <ele>12.4</ele>
      </trkpt>
      <trkpt lat="51.80385" lon="5.80679">
        <ele>11.8</ele>
      </trkpt>
      <trkpt lat="51.80391" lon="5.80703">
        <ele>11.6</ele>
      </trkpt>
      <trkpt lat="51.80408" lon="5.80763">
        <ele>11.1</ele>
      </trkpt>
      <trkpt lat="51.80429" lon="5.80849">
        <ele>10.2</ele>
      </trkpt>
      <trkpt lat="51.8045" lon="5.80936">
        <ele>10.7</ele>
      </trkpt>
      <trkpt lat="51.80475" lon="5.81034">
        <ele>10.5</ele>
      </trkpt>
      <trkpt lat="51.80501" lon="5.81131">
        <ele>9.4</ele>
      </trkpt>
      <trkpt lat="51.80526" lon="5.81221">
        <ele>9.9</ele>
      </trkpt>
      <trkpt lat="51.80556" lon="5.81356">
        <ele>13.1</ele>
      </trkpt>
      <trkpt lat="51.80587" lon="5.81491">
        <ele>12.5</ele>
      </trkpt>
      <trkpt lat="51.80616" lon="5.81621">
        <ele>11.9</ele>
      </trkpt>
      <trkpt lat="51.80645" lon="5.81751">
        <ele>11.3</ele>
      </trkpt>
      <trkpt lat="51.80664" lon="5.81832">
        <ele>11.0</ele>
      </trkpt>
      <trkpt lat="51.80684" lon="5.81912">
        <ele>10.8</ele>
      </trkpt>
      <trkpt lat="51.8071" lon="5.82012">
        <ele>11.1</ele>
      </trkpt>
      <trkpt lat="51.80736" lon="5.82111">
        <ele>12.1</ele>
      </trkpt>
      <trkpt lat="51.80761" lon="5.8221">
        <ele>13.3</ele>
      </trkpt>
      <trkpt lat="51.8077" lon="5.82263">
        <ele>13.7</ele>
      </trkpt>
      <trkpt lat="51.80784" lon="5.82315">
        <ele>14.0</ele>
      </trkpt>
      <trkpt lat="51.80796" lon="5.82352">
        <ele>13.9</ele>
      </trkpt>
      <trkpt lat="51.80813" lon="5.82393">
        <ele>13.5</ele>
      </trkpt>
      <trkpt lat="51.80821" lon="5.82412">
        <ele>13.3</ele>
      </trkpt>
      <trkpt lat="51.8084" lon="5.82452">
        <ele>12.9</ele>
      </trkpt>
      <trkpt lat="51.80858" lon="5.82496">
        <ele>12.4</ele>
      </trkpt>
      <trkpt lat="51.80891" lon="5.82593">
        <ele>11.7</ele>
      </trkpt>
      <trkpt lat="51.80925" lon="5.82691">
        <ele>12.1</ele>
      </trkpt>
      <trkpt lat="51.80958" lon="5.82789">
        <ele>12.5</ele>
      </trkpt>
      <trkpt lat="51.80992" lon="5.82861">
        <ele>12.9</ele>
      </trkpt>
      <trkpt lat="51.81024" lon="5.82925">
        <ele>13.0</ele>
      </trkpt>
      <trkpt lat="51.81057" lon="5.82989">
        <ele>13.0</ele>
      </trkpt>
      <trkpt lat="51.81074" lon="5.83034">
        <ele>13.0</ele>
      </trkpt>
      <trkpt lat="51.81087" lon="5.83063">
        <ele>13.0</ele>
      </trkpt>
      <trkpt lat="51.81099" lon="5.83096">
        <ele>13.0</ele>
      </trkpt>
      <trkpt lat="51.81116" lon="5.8313">
        <ele>13.2</ele>
      </trkpt>
      <trkpt lat="51.81118" lon="5.83134">
        <ele>13.2</ele>
      </trkpt>
      <trkpt lat="51.81121" lon="5.83135">
        <ele>13.2</ele>
      </trkpt>
      <trkpt lat="51.81154" lon="5.83189">
        <ele>13.2</ele>
      </trkpt>
      <trkpt lat="51.81186" lon="5.83244">
        <ele>13.0</ele>
      </trkpt>
      <trkpt lat="51.81229" lon="5.83328">
        <ele>12.3</ele>
      </trkpt>
      <trkpt lat="51.81271" lon="5.83413">
        <ele>13.2</ele>
      </trkpt>
      <trkpt lat="51.81314" lon="5.83495">
        <ele>14.7</ele>
      </trkpt>
      <trkpt lat="51.81357" lon="5.83578">
        <ele>14.6</ele>
      </trkpt>
      <trkpt lat="51.814" lon="5.83661">
        <ele>14.7</ele>
      </trkpt>
      <trkpt lat="51.81429" lon="5.83719">
        <ele>15.5</ele>
      </trkpt>
      <trkpt lat="51.81438" lon="5.83739">
        <ele>15.8</ele>
      </trkpt>
      <trkpt lat="51.81445" lon="5.83753">
        <ele>16.0</ele>
      </trkpt>
      <trkpt lat="51.81459" lon="5.83777">
        <ele>16.0</ele>
      </trkpt>
      <trkpt lat="51.81469" lon="5.83793">
        <ele>16.0</ele>
      </trkpt>
      <trkpt lat="51.81495" lon="5.83838">
        <ele>15.9</ele>
      </trkpt>
      <trkpt lat="51.81557" lon="5.83931">
        <ele>17.7</ele>
      </trkpt>
      <trkpt lat="51.81619" lon="5.84024">
        <ele>18.4</ele>
      </trkpt>
      <trkpt lat="51.81665" lon="5.8409">
        <ele>20.0</ele>
      </trkpt>
      <trkpt lat="51.81677" lon="5.84114">
        <ele>20.5</ele>
      </trkpt>
      <trkpt lat="51.81703" lon="5.84147">
        <ele>21.4</ele>
      </trkpt>
      <trkpt lat="51.81761" lon="5.84231">
        <ele>22.1</ele>
      </trkpt>
      <trkpt lat="51.8182" lon="5.84314">
        <ele>20.3</ele>
      </trkpt>
      <trkpt lat="51.81879" lon="5.84397">
        <ele>20.0</ele>
      </trkpt>
      <trkpt lat="51.81933" lon="5.84475">
        <ele>20.3</ele>
      </trkpt>
      <trkpt lat="51.819" lon="5.84594">
        <ele>21.5</ele>
      </trkpt>
      <trkpt lat="51.81867" lon="5.84713">
        <ele>23.6</ele>
      </trkpt>
      <trkpt lat="51.81833" lon="5.84831">
        <ele>24.0</ele>
      </trkpt>
      <trkpt lat="51.818" lon="5.8495">
        <ele>23.4</ele>
      </trkpt>
      <trkpt lat="51.81767" lon="5.85069">
        <ele>23.6</ele>
      </trkpt>
      <trkpt lat="51.81734" lon="5.85187">
        <ele>24.0</ele>
      </trkpt>
      <trkpt lat="51.81712" lon="5.85266">
        <ele>24.1</ele>
      </trkpt>
      <trkpt lat="51.8169" lon="5.85345">
        <ele>24.3</ele>
      </trkpt>
      <trkpt lat="51.81661" lon="5.85337">
        <ele>23.9</ele>
      </trkpt>
      <trkpt lat="51.81658" lon="5.85348">
        <ele>23.9</ele>
      </trkpt>
      <trkpt lat="51.81653" lon="5.85412">
        <ele>23.8</ele>
      </trkpt>
      <trkpt lat="51.81648" lon="5.85498">
        <ele>24.8</ele>
      </trkpt>
      <trkpt lat="51.81647" lon="5.85511">
        <ele>24.8</ele>
      </trkpt>
      <trkpt lat="51.81658" lon="5.85516">
        <ele>24.9</ele>
      </trkpt>
      <trkpt lat="51.81706" lon="5.85532">
        <ele>25.2</ele>
      </trkpt>
      <trkpt lat="51.81753" lon="5.85548">
        <ele>25.6</ele>
      </trkpt>
      <trkpt lat="51.81802" lon="5.85567">
        <ele>25.9</ele>
      </trkpt>
      <trkpt lat="51.81855" lon="5.85581">
        <ele>26.0</ele>
      </trkpt>
      <trkpt lat="51.81908" lon="5.85596">
        <ele>26.2</ele>
      </trkpt>
      <trkpt lat="51.81955" lon="5.85607">
        <ele>26.4</ele>
      </trkpt>
      <trkpt lat="51.81955" lon="5.85607">
        <ele>26.4</ele>
      </trkpt>
      <trkpt lat="51.82039" lon="5.85626">
        <ele>26.8</ele>
      </trkpt>
      <trkpt lat="51.82123" lon="5.85645">
        <ele>26.9</ele>
      </trkpt>
      <trkpt lat="51.82144" lon="5.85646">
        <ele>26.9</ele>
      </trkpt>
      <trkpt lat="51.82215" lon="5.85662">
        <ele>28.1</ele>
      </trkpt>
      <trkpt lat="51.82285" lon="5.85678">
        <ele>28.8</ele>
      </trkpt>
      <trkpt lat="51.82356" lon="5.85694">
        <ele>28.4</ele>
      </trkpt>
      <trkpt lat="51.82427" lon="5.85711">
        <ele>28.2</ele>
      </trkpt>
      <trkpt lat="51.82479" lon="5.85721">
        <ele>29.3</ele>
      </trkpt>
      <trkpt lat="51.8251" lon="5.85733">
        <ele>29.9</ele>
      </trkpt>
      <trkpt lat="51.82524" lon="5.85738">
        <ele>30.1</ele>
      </trkpt>
      <trkpt lat="51.82559" lon="5.85741">
        <ele>30.6</ele>
      </trkpt>
      <trkpt lat="51.82573" lon="5.8574">
        <ele>30.8</ele>
      </trkpt>
      <trkpt lat="51.826" lon="5.85742">
        <ele>30.9</ele>
      </trkpt>
      <trkpt lat="51.82604" lon="5.85741">
        <ele>30.9</ele>
      </trkpt>
      <trkpt lat="51.82613" lon="5.85734">
        <ele>30.9</ele>
      </trkpt>
      <trkpt lat="51.82676" lon="5.85745">
        <ele>31.2</ele>
      </trkpt>
      <trkpt lat="51.82712" lon="5.85754">
        <ele>32.1</ele>
      </trkpt>
      <trkpt lat="51.82756" lon="5.85769">
        <ele>32.9</ele>
      </trkpt>
      <trkpt lat="51.82801" lon="5.85784">
        <ele>32.0</ele>
      </trkpt>
      <trkpt lat="51.82831" lon="5.85789">
        <ele>31.5</ele>
      </trkpt>
      <trkpt lat="51.82886" lon="5.85791">
        <ele>33.4</ele>
      </trkpt>
      <trkpt lat="51.82955" lon="5.85806">
        <ele>33.8</ele>
      </trkpt>
      <trkpt lat="51.82975" lon="5.85811">
        <ele>33.3</ele>
      </trkpt>
      <trkpt lat="51.8299" lon="5.85819">
        <ele>33.1</ele>
      </trkpt>
      <trkpt lat="51.83009" lon="5.85831">
        <ele>32.9</ele>
      </trkpt>
      <trkpt lat="51.83033" lon="5.85839">
        <ele>32.6</ele>
      </trkpt>
      <trkpt lat="51.83053" lon="5.85835">
        <ele>32.4</ele>
      </trkpt>
      <trkpt lat="51.83072" lon="5.8584">
        <ele>32.1</ele>
      </trkpt>
      <trkpt lat="51.83079" lon="5.85844">
        <ele>32.1</ele>
      </trkpt>
      <trkpt lat="51.83141" lon="5.85858">
        <ele>31.6</ele>
      </trkpt>
      <trkpt lat="51.83167" lon="5.85858">
        <ele>31.4</ele>
      </trkpt>
      <trkpt lat="51.83179" lon="5.85859">
        <ele>30.9</ele>
      </trkpt>
      <trkpt lat="51.83228" lon="5.85873">
        <ele>30.0</ele>
      </trkpt>
      <trkpt lat="51.83237" lon="5.85874">
        <ele>29.9</ele>
      </trkpt>
      <trkpt lat="51.83278" lon="5.85883">
        <ele>29.2</ele>
      </trkpt>
      <trkpt lat="51.83285" lon="5.85885">
        <ele>29.1</ele>
      </trkpt>
      <trkpt lat="51.8329" lon="5.85888">
        <ele>29.0</ele>
      </trkpt>
      <trkpt lat="51.83299" lon="5.859">
        <ele>28.9</ele>
      </trkpt>
      <trkpt lat="51.83304" lon="5.85904">
        <ele>29.1</ele>
      </trkpt>
      <trkpt lat="51.83314" lon="5.85903">
        <ele>29.3</ele>
      </trkpt>
      <trkpt lat="51.83317" lon="5.85898">
        <ele>29.2</ele>
      </trkpt>
      <trkpt lat="51.8332" lon="5.85891">
        <ele>29.2</ele>
      </trkpt>
      <trkpt lat="51.83332" lon="5.85872">
        <ele>28.9</ele>
      </trkpt>
      <trkpt lat="51.83334" lon="5.85866">
        <ele>28.8</ele>
      </trkpt>
      <trkpt lat="51.83337" lon="5.85844">
        <ele>28.5</ele>
      </trkpt>
      <trkpt lat="51.83339" lon="5.85833">
        <ele>28.3</ele>
      </trkpt>
      <trkpt lat="51.83342" lon="5.85825">
        <ele>28.3</ele>
      </trkpt>
      <trkpt lat="51.83379" lon="5.85745">
        <ele>27.5</ele>
      </trkpt>
      <trkpt lat="51.83394" lon="5.85714">
        <ele>27.0</ele>
      </trkpt>
      <trkpt lat="51.83447" lon="5.85624">
        <ele>26.6</ele>
      </trkpt>
      <trkpt lat="51.83501" lon="5.85534">
        <ele>25.3</ele>
      </trkpt>
      <trkpt lat="51.83555" lon="5.85444">
        <ele>26.0</ele>
      </trkpt>
      <trkpt lat="51.83568" lon="5.85423">
        <ele>25.8</ele>
      </trkpt>
      <trkpt lat="51.83622" lon="5.85345">
        <ele>26.1</ele>
      </trkpt>
      <trkpt lat="51.83658" lon="5.85297">
        <ele>27.3</ele>
      </trkpt>
      <trkpt lat="51.83686" lon="5.85264">
        <ele>27.1</ele>
      </trkpt>
      <trkpt lat="51.83707" lon="5.85244">
        <ele>26.4</ele>
      </trkpt>
      <trkpt lat="51.83727" lon="5.85227">
        <ele>25.6</ele>
      </trkpt>
      <trkpt lat="51.83747" lon="5.85212">
        <ele>24.7</ele>
      </trkpt>
      <trkpt lat="51.83777" lon="5.85194">
        <ele>24.9</ele>
      </trkpt>
      <trkpt lat="51.83811" lon="5.85178">
        <ele>25.5</ele>
      </trkpt>
      <trkpt lat="51.83829" lon="5.85172">
        <ele>26.0</ele>
      </trkpt>
      <trkpt lat="51.83848" lon="5.85169">
        <ele>26.2</ele>
      </trkpt>
      <trkpt lat="51.83867" lon="5.85169">
        <ele>26.5</ele>
      </trkpt>
      <trkpt lat="51.83901" lon="5.85173">
        <ele>27.0</ele>
      </trkpt>
      <trkpt lat="51.83908" lon="5.85175">
        <ele>27.1</ele>
      </trkpt>
      <trkpt lat="51.83916" lon="5.85179">
        <ele>27.3</ele>
      </trkpt>
      <trkpt lat="51.83964" lon="5.85219">
        <ele>26.2</ele>
      </trkpt>
      <trkpt lat="51.83974" lon="5.85226">
        <ele>25.9</ele>
      </trkpt>
      <trkpt lat="51.84026" lon="5.85253">
        <ele>25.1</ele>
      </trkpt>
      <trkpt lat="51.84078" lon="5.85279">
        <ele>25.7</ele>
      </trkpt>
      <trkpt lat="51.84102" lon="5.85293">
        <ele>26.4</ele>
      </trkpt>
      <trkpt lat="51.8411" lon="5.85303">
        <ele>26.7</ele>
      </trkpt>
      <trkpt lat="51.84113" lon="5.85304">
        <ele>26.8</ele>
      </trkpt>
      <trkpt lat="51.84125" lon="5.85303">
        <ele>27.0</ele>
      </trkpt>
      <trkpt lat="51.8413" lon="5.85305">
        <ele>27.1</ele>
      </trkpt>
      <trkpt lat="51.84206" lon="5.85343">
        <ele>27.2</ele>
      </trkpt>
      <trkpt lat="51.84222" lon="5.85364">
        <ele>27.2</ele>
      </trkpt>
      <trkpt lat="51.84227" lon="5.85369">
        <ele>27.2</ele>
      </trkpt>
      <trkpt lat="51.84251" lon="5.85383">
        <ele>27.2</ele>
      </trkpt>
      <trkpt lat="51.84255" lon="5.85394">
        <ele>27.3</ele>
      </trkpt>
      <trkpt lat="51.84264" lon="5.85399">
        <ele>27.2</ele>
      </trkpt>
      <trkpt lat="51.8427" lon="5.85402">
        <ele>27.2</ele>
      </trkpt>
      <trkpt lat="51.84275" lon="5.85403">
        <ele>27.1</ele>
      </trkpt>
      <trkpt lat="51.84281" lon="5.85399">
        <ele>26.8</ele>
      </trkpt>
      <trkpt lat="51.84287" lon="5.85401">
        <ele>26.7</ele>
      </trkpt>
      <trkpt lat="51.843" lon="5.85401">
        <ele>26.4</ele>
      </trkpt>
      <trkpt lat="51.84329" lon="5.85408">
        <ele>25.9</ele>
      </trkpt>
      <trkpt lat="51.84346" lon="5.85418">
        <ele>26.2</ele>
      </trkpt>
      <trkpt lat="51.84401" lon="5.85435">
        <ele>27.3</ele>
      </trkpt>
      <trkpt lat="51.84408" lon="5.85436">
        <ele>27.4</ele>
      </trkpt>
      <trkpt lat="51.84418" lon="5.85437">
        <ele>27.4</ele>
      </trkpt>
      <trkpt lat="51.8443" lon="5.8544">
        <ele>26.8</ele>
      </trkpt>
      <trkpt lat="51.84444" lon="5.85446">
        <ele>26.2</ele>
      </trkpt>
      <trkpt lat="51.84471" lon="5.85462">
        <ele>24.8</ele>
      </trkpt>
      <trkpt lat="51.84505" lon="5.85489">
        <ele>23.0</ele>
      </trkpt>
      <trkpt lat="51.84507" lon="5.8549">
        <ele>23.1</ele>
      </trkpt>
      <trkpt lat="51.84511" lon="5.8549">
        <ele>23.1</ele>
      </trkpt>
      <trkpt lat="51.84518" lon="5.85511">
        <ele>23.3</ele>
      </trkpt>
      <trkpt lat="51.84567" lon="5.85553">
        <ele>23.9</ele>
      </trkpt>
      <trkpt lat="51.84615" lon="5.85595">
        <ele>24.0</ele>
      </trkpt>
      <trkpt lat="51.84619" lon="5.85599">
        <ele>24.0</ele>
      </trkpt>
      <trkpt lat="51.84621" lon="5.85608">
        <ele>24.0</ele>
      </trkpt>
      <trkpt lat="51.84623" lon="5.85628">
        <ele>24.0</ele>
      </trkpt>
      <trkpt lat="51.84624" lon="5.85641">
        <ele>24.0</ele>
      </trkpt>
      <trkpt lat="51.84645" lon="5.85635">
        <ele>24.0</ele>
      </trkpt>
      <trkpt lat="51.84662" lon="5.85633">
        <ele>24.0</ele>
      </trkpt>
      <trkpt lat="51.84701" lon="5.85629">
        <ele>22.4</ele>
      </trkpt>
      <trkpt lat="51.84736" lon="5.8563">
        <ele>20.7</ele>
      </trkpt>
      <trkpt lat="51.8475" lon="5.85632">
        <ele>20.0</ele>
      </trkpt>
      <trkpt lat="51.84761" lon="5.85635">
        <ele>19.7</ele>
      </trkpt>
      <trkpt lat="51.84839" lon="5.85659">
        <ele>17.0</ele>
      </trkpt>
      <trkpt lat="51.84856" lon="5.85665">
        <ele>16.8</ele>
      </trkpt>
      <trkpt lat="51.84864" lon="5.85607">
        <ele>17.6</ele>
      </trkpt>
      <trkpt lat="51.84865" lon="5.85604">
        <ele>17.7</ele>
      </trkpt>
      <trkpt lat="51.84867" lon="5.85604">
        <ele>17.7</ele>
      </trkpt>
      <trkpt lat="51.84926" lon="5.85627">
        <ele>17.1</ele>
      </trkpt>
      <trkpt lat="51.8499" lon="5.8566">
        <ele>17.0</ele>
      </trkpt>
      <trkpt lat="51.85023" lon="5.85676">
        <ele>16.2</ele>
      </trkpt>
      <trkpt lat="51.85027" lon="5.85677">
        <ele>16.1</ele>
      </trkpt>
      <trkpt lat="51.85035" lon="5.85688">
        <ele>15.6</ele>
      </trkpt>
      <trkpt lat="51.85043" lon="5.857">
        <ele>14.9</ele>
      </trkpt>
      <trkpt lat="51.85049" lon="5.85711">
        <ele>14.4</ele>
      </trkpt>
      <trkpt lat="51.85052" lon="5.85721">
        <ele>13.9</ele>
      </trkpt>
      <trkpt lat="51.85054" lon="5.85732">
        <ele>13.4</ele>
      </trkpt>
      <trkpt lat="51.85055" lon="5.85745">
        <ele>12.9</ele>
      </trkpt>
      <trkpt lat="51.85039" lon="5.85878">
        <ele>10.5</ele>
      </trkpt>
      <trkpt lat="51.85036" lon="5.85898">
        <ele>10.7</ele>
      </trkpt>
      <trkpt lat="51.85033" lon="5.85909">
        <ele>10.9</ele>
      </trkpt>
      <trkpt lat="51.8501" lon="5.85942">
        <ele>12.8</ele>
      </trkpt>
      <trkpt lat="51.85005" lon="5.85959">
        <ele>13.0</ele>
      </trkpt>
      <trkpt lat="51.84995" lon="5.86046">
        <ele>13.2</ele>
      </trkpt>
      <trkpt lat="51.84994" lon="5.86066">
        <ele>13.3</ele>
      </trkpt>
      <trkpt lat="51.84995" lon="5.86088">
        <ele>13.3</ele>
      </trkpt>
      <trkpt lat="51.85004" lon="5.86141">
        <ele>13.3</ele>
      </trkpt>
      <trkpt lat="51.8501" lon="5.86146">
        <ele>12.8</ele>
      </trkpt>
      <trkpt lat="51.85012" lon="5.86159">
        <ele>12.8</ele>
      </trkpt>
      <trkpt lat="51.85013" lon="5.86181">
        <ele>12.2</ele>
      </trkpt>
      <trkpt lat="51.85012" lon="5.86206">
        <ele>11.2</ele>
      </trkpt>
      <trkpt lat="51.85003" lon="5.86299">
        <ele>7.6</ele>
      </trkpt>
      <trkpt lat="51.84994" lon="5.86391">
        <ele>6.9</ele>
      </trkpt>
      <trkpt lat="51.84989" lon="5.86404">
        <ele>7.7</ele>
      </trkpt>
      <trkpt lat="51.84985" lon="5.864">
        <ele>8.3</ele>
      </trkpt>
      <trkpt lat="51.8498" lon="5.86401">
        <ele>9.1</ele>
      </trkpt>
      <trkpt lat="51.84976" lon="5.86406">
        <ele>9.7</ele>
      </trkpt>
      <trkpt lat="51.84975" lon="5.8641">
        <ele>9.9</ele>
      </trkpt>
      <trkpt lat="51.84974" lon="5.86415">
        <ele>10.1</ele>
      </trkpt>
      <trkpt lat="51.84973" lon="5.86431">
        <ele>10.2</ele>
      </trkpt>
      <trkpt lat="51.84973" lon="5.86431">
        <ele>10.2</ele>
      </trkpt>
      <trkpt lat="51.84969" lon="5.86461">
        <ele>10.8</ele>
      </trkpt>
      <trkpt lat="51.84966" lon="5.86512">
        <ele>11.3</ele>
      </trkpt>
      <trkpt lat="51.84971" lon="5.86534">
        <ele>10.5</ele>
      </trkpt>
      <trkpt lat="51.84972" lon="5.86551">
        <ele>10.4</ele>
      </trkpt>
      <trkpt lat="51.84967" lon="5.86598">
        <ele>11.1</ele>
      </trkpt>
      <trkpt lat="51.84952" lon="5.86717">
        <ele>12.8</ele>
      </trkpt>
      <trkpt lat="51.84937" lon="5.86836">
        <ele>12.8</ele>
      </trkpt>
      <trkpt lat="51.84935" lon="5.86846">
        <ele>12.9</ele>
      </trkpt>
      <trkpt lat="51.84931" lon="5.86855">
        <ele>13.2</ele>
      </trkpt>
      <trkpt lat="51.84895" lon="5.8691">
        <ele>17.5</ele>
      </trkpt>
      <trkpt lat="51.84889" lon="5.86923">
        <ele>18.2</ele>
      </trkpt>
      <trkpt lat="51.84887" lon="5.86943">
        <ele>18.3</ele>
      </trkpt>
      <trkpt lat="51.84868" lon="5.87057">
        <ele>19.2</ele>
      </trkpt>
      <trkpt lat="51.8486" lon="5.87105">
        <ele>19.1</ele>
      </trkpt>
      <trkpt lat="51.8485" lon="5.8713">
        <ele>19.8</ele>
      </trkpt>
      <trkpt lat="51.84842" lon="5.87145">
        <ele>20.5</ele>
      </trkpt>
      <trkpt lat="51.8483" lon="5.87159">
        <ele>21.8</ele>
      </trkpt>
      <trkpt lat="51.84817" lon="5.87171">
        <ele>23.4</ele>
      </trkpt>
      <trkpt lat="51.84809" lon="5.87174">
        <ele>24.6</ele>
      </trkpt>
      <trkpt lat="51.84798" lon="5.87176">
        <ele>26.2</ele>
      </trkpt>
      <trkpt lat="51.8478" lon="5.87175">
        <ele>29.0</ele>
      </trkpt>
      <trkpt lat="51.84763" lon="5.87169">
        <ele>31.9</ele>
      </trkpt>
      <trkpt lat="51.84751" lon="5.87161">
        <ele>34.0</ele>
      </trkpt>
      <trkpt lat="51.84742" lon="5.87151">
        <ele>35.0</ele>
      </trkpt>
      <trkpt lat="51.84736" lon="5.87141">
        <ele>35.5</ele>
      </trkpt>
      <trkpt lat="51.84728" lon="5.87126">
        <ele>36.2</ele>
      </trkpt>
      <trkpt lat="51.84714" lon="5.87087">
        <ele>36.9</ele>
      </trkpt>
      <trkpt lat="51.84711" lon="5.87076">
        <ele>36.9</ele>
      </trkpt>
      <trkpt lat="51.84704" lon="5.87043">
        <ele>36.7</ele>
      </trkpt>
      <trkpt lat="51.84702" lon="5.87032">
        <ele>36.6</ele>
      </trkpt>
      <trkpt lat="51.84698" lon="5.87005">
        <ele>36.2</ele>
      </trkpt>
      <trkpt lat="51.8469" lon="5.86908">
        <ele>34.2</ele>
      </trkpt>
      <trkpt lat="51.84685" lon="5.86898">
        <ele>34.1</ele>
      </trkpt>
      <trkpt lat="51.84678" lon="5.86891">
        <ele>34.1</ele>
      </trkpt>
      <trkpt lat="51.84671" lon="5.86889">
        <ele>34.0</ele>
      </trkpt>
      <trkpt lat="51.84664" lon="5.86892">
        <ele>34.1</ele>
      </trkpt>
      <trkpt lat="51.84658" lon="5.869">
        <ele>34.2</ele>
      </trkpt>
      <trkpt lat="51.84654" lon="5.86911">
        <ele>34.3</ele>
      </trkpt>
      <trkpt lat="51.84651" lon="5.86957">
        <ele>34.7</ele>
      </trkpt>
      <trkpt lat="51.84649" lon="5.86975">
        <ele>34.8</ele>
      </trkpt>
      <trkpt lat="51.84634" lon="5.87037">
        <ele>36.0</ele>
      </trkpt>
      <trkpt lat="51.84628" lon="5.87062">
        <ele>36.5</ele>
      </trkpt>
      <trkpt lat="51.84624" lon="5.87074">
        <ele>36.8</ele>
      </trkpt>
      <trkpt lat="51.84613" lon="5.87098">
        <ele>37.1</ele>
      </trkpt>
      <trkpt lat="51.84595" lon="5.87136">
        <ele>37.6</ele>
      </trkpt>
      <trkpt lat="51.84579" lon="5.87166">
        <ele>38.0</ele>
      </trkpt>
      <trkpt lat="51.84573" lon="5.87168">
        <ele>38.1</ele>
      </trkpt>
      <trkpt lat="51.84571" lon="5.87169">
        <ele>38.1</ele>
      </trkpt>
      <trkpt lat="51.84563" lon="5.8718">
        <ele>38.1</ele>
      </trkpt>
      <trkpt lat="51.84523" lon="5.87257">
        <ele>37.6</ele>
      </trkpt>
      <trkpt lat="51.8451" lon="5.87263">
        <ele>37.6</ele>
      </trkpt>
      <trkpt lat="51.84496" lon="5.8727">
        <ele>37.6</ele>
      </trkpt>
      <trkpt lat="51.84481" lon="5.87292">
        <ele>37.3</ele>
      </trkpt>
      <trkpt lat="51.84461" lon="5.87316">
        <ele>37.5</ele>
      </trkpt>
      <trkpt lat="51.84442" lon="5.87325">
        <ele>38.1</ele>
      </trkpt>
      <trkpt lat="51.84379" lon="5.87345">
        <ele>38.1</ele>
      </trkpt>
      <trkpt lat="51.8436" lon="5.8736">
        <ele>37.6</ele>
      </trkpt>
      <trkpt lat="51.84341" lon="5.87366">
        <ele>37.2</ele>
      </trkpt>
      <trkpt lat="51.84318" lon="5.87374">
        <ele>37.4</ele>
      </trkpt>
      <trkpt lat="51.84312" lon="5.87372">
        <ele>37.5</ele>
      </trkpt>
      <trkpt lat="51.8429" lon="5.87376">
        <ele>38.0</ele>
      </trkpt>
      <trkpt lat="51.84288" lon="5.87368">
        <ele>38.1</ele>
      </trkpt>
      <trkpt lat="51.84284" lon="5.87364">
        <ele>38.2</ele>
      </trkpt>
      <trkpt lat="51.84279" lon="5.87365">
        <ele>38.3</ele>
      </trkpt>
      <trkpt lat="51.84275" lon="5.87369">
        <ele>38.4</ele>
      </trkpt>
      <trkpt lat="51.84261" lon="5.87404">
        <ele>38.7</ele>
      </trkpt>
      <trkpt lat="51.84246" lon="5.87393">
        <ele>39.0</ele>
      </trkpt>
      <trkpt lat="51.84223" lon="5.87382">
        <ele>38.7</ele>
      </trkpt>
      <trkpt lat="51.84157" lon="5.87356">
        <ele>38.0</ele>
      </trkpt>
      <trkpt lat="51.84091" lon="5.87333">
        <ele>38.0</ele>
      </trkpt>
      <trkpt lat="51.84011" lon="5.87313">
        <ele>37.1</ele>
      </trkpt>
      <trkpt lat="51.84003" lon="5.8731">
        <ele>37.0</ele>
      </trkpt>
      <trkpt lat="51.83996" lon="5.87302">
        <ele>37.1</ele>
      </trkpt>
      <trkpt lat="51.83984" lon="5.87275">
        <ele>37.5</ele>
      </trkpt>
      <trkpt lat="51.83973" lon="5.87244">
        <ele>38.0</ele>
      </trkpt>
      <trkpt lat="51.83962" lon="5.87221">
        <ele>38.4</ele>
      </trkpt>
      <trkpt lat="51.83949" lon="5.87202">
        <ele>38.8</ele>
      </trkpt>
      <trkpt lat="51.83878" lon="5.87136">
        <ele>39.5</ele>
      </trkpt>
      <trkpt lat="51.83875" lon="5.87131">
        <ele>39.5</ele>
      </trkpt>
      <trkpt lat="51.83869" lon="5.87111">
        <ele>39.5</ele>
      </trkpt>
      <trkpt lat="51.83848" lon="5.87112">
        <ele>39.6</ele>
      </trkpt>
      <trkpt lat="51.8382" lon="5.87105">
        <ele>39.6</ele>
      </trkpt>
      <trkpt lat="51.83808" lon="5.87104">
        <ele>39.4</ele>
      </trkpt>
      <trkpt lat="51.83798" lon="5.87105">
        <ele>39.3</ele>
      </trkpt>
      <trkpt lat="51.8379" lon="5.87108">
        <ele>39.2</ele>
      </trkpt>
      <trkpt lat="51.83782" lon="5.87112">
        <ele>39.0</ele>
      </trkpt>
      <trkpt lat="51.83746" lon="5.87143">
        <ele>38.3</ele>
      </trkpt>
      <trkpt lat="51.83728" lon="5.87157">
        <ele>38.1</ele>
      </trkpt>
      <trkpt lat="51.83713" lon="5.87162">
        <ele>38.0</ele>
      </trkpt>
      <trkpt lat="51.83691" lon="5.87168">
        <ele>38.0</ele>
      </trkpt>
      <trkpt lat="51.83673" lon="5.87172">
        <ele>38.0</ele>
      </trkpt>
      <trkpt lat="51.83647" lon="5.87171">
        <ele>37.8</ele>
      </trkpt>
      <trkpt lat="51.83632" lon="5.87166">
        <ele>37.6</ele>
      </trkpt>
      <trkpt lat="51.83568" lon="5.87131">
        <ele>36.4</ele>
      </trkpt>
      <trkpt lat="51.83571" lon="5.87091">
        <ele>35.9</ele>
      </trkpt>
      <trkpt lat="51.83571" lon="5.87076">
        <ele>35.9</ele>
      </trkpt>
      <trkpt lat="51.83569" lon="5.87063">
        <ele>35.8</ele>
      </trkpt>
      <trkpt lat="51.83566" lon="5.87054">
        <ele>35.8</ele>
      </trkpt>
      <trkpt lat="51.83562" lon="5.87045">
        <ele>35.7</ele>
      </trkpt>
      <trkpt lat="51.83554" lon="5.87033">
        <ele>35.6</ele>
      </trkpt>
      <trkpt lat="51.83547" lon="5.87023">
        <ele>35.6</ele>
      </trkpt>
      <trkpt lat="51.83532" lon="5.87048">
        <ele>35.4</ele>
      </trkpt>
      <trkpt lat="51.83515" lon="5.87066">
        <ele>35.2</ele>
      </trkpt>
      <trkpt lat="51.83487" lon="5.87091">
        <ele>35.1</ele>
      </trkpt>
      <trkpt lat="51.83479" lon="5.8709">
        <ele>35.1</ele>
      </trkpt>
      <trkpt lat="51.83464" lon="5.871">
        <ele>35.1</ele>
      </trkpt>
      <trkpt lat="51.83449" lon="5.86981">
        <ele>34.9</ele>
      </trkpt>
      <trkpt lat="51.8345" lon="5.8697">
        <ele>34.8</ele>
      </trkpt>
      <trkpt lat="51.83448" lon="5.86947">
        <ele>34.6</ele>
      </trkpt>
      <trkpt lat="51.8338" lon="5.86954">
        <ele>34.0</ele>
      </trkpt>
      <trkpt lat="51.83312" lon="5.8696">
        <ele>34.3</ele>
      </trkpt>
      <trkpt lat="51.83249" lon="5.86968">
        <ele>36.6</ele>
      </trkpt>
      <trkpt lat="51.83195" lon="5.86977">
        <ele>37.9</ele>
      </trkpt>
      <trkpt lat="51.83141" lon="5.86987">
        <ele>38.4</ele>
      </trkpt>
      <trkpt lat="51.83136" lon="5.86985">
        <ele>38.3</ele>
      </trkpt>
      <trkpt lat="51.83112" lon="5.8699">
        <ele>38.2</ele>
      </trkpt>
      <trkpt lat="51.83106" lon="5.86993">
        <ele>38.2</ele>
      </trkpt>
      <trkpt lat="51.83024" lon="5.87011">
        <ele>38.7</ele>
      </trkpt>
      <trkpt lat="51.83016" lon="5.8701">
        <ele>38.8</ele>
      </trkpt>
      <trkpt lat="51.83008" lon="5.87007">
        <ele>38.9</ele>
      </trkpt>
      <trkpt lat="51.82976" lon="5.8701">
        <ele>38.7</ele>
      </trkpt>
      <trkpt lat="51.82972" lon="5.87009">
        <ele>38.7</ele>
      </trkpt>
      <trkpt lat="51.82968" lon="5.87002">
        <ele>38.6</ele>
      </trkpt>
      <trkpt lat="51.82964" lon="5.86997">
        <ele>38.6</ele>
      </trkpt>
      <trkpt lat="51.82955" lon="5.86994">
        <ele>38.4</ele>
      </trkpt>
      <trkpt lat="51.82945" lon="5.86997">
        <ele>38.3</ele>
      </trkpt>
      <trkpt lat="51.82942" lon="5.87">
        <ele>38.3</ele>
      </trkpt>
      <trkpt lat="51.82935" lon="5.87011">
        <ele>38.3</ele>
      </trkpt>
      <trkpt lat="51.82906" lon="5.87007">
        <ele>38.1</ele>
      </trkpt>
      <trkpt lat="51.82894" lon="5.8701">
        <ele>38.2</ele>
      </trkpt>
      <trkpt lat="51.82866" lon="5.87004">
        <ele>38.1</ele>
      </trkpt>
      <trkpt lat="51.8284" lon="5.86997">
        <ele>37.9</ele>
      </trkpt>
      <trkpt lat="51.828" lon="5.86983">
        <ele>38.0</ele>
      </trkpt>
      <trkpt lat="51.82767" lon="5.86951">
        <ele>37.6</ele>
      </trkpt>
      <trkpt lat="51.82754" lon="5.86945">
        <ele>37.6</ele>
      </trkpt>
      <trkpt lat="51.8274" lon="5.86939">
        <ele>37.1</ele>
      </trkpt>
      <trkpt lat="51.82729" lon="5.86934">
        <ele>36.5</ele>
      </trkpt>
      <trkpt lat="51.82712" lon="5.8692">
        <ele>35.3</ele>
      </trkpt>
      <trkpt lat="51.82701" lon="5.86916">
        <ele>34.6</ele>
      </trkpt>
      <trkpt lat="51.82689" lon="5.86915">
        <ele>34.0</ele>
      </trkpt>
      <trkpt lat="51.82685" lon="5.86912">
        <ele>33.8</ele>
      </trkpt>
      <trkpt lat="51.82657" lon="5.86883">
        <ele>33.2</ele>
      </trkpt>
      <trkpt lat="51.82624" lon="5.86852">
        <ele>32.7</ele>
      </trkpt>
      <trkpt lat="51.82619" lon="5.86847">
        <ele>32.6</ele>
      </trkpt>
      <trkpt lat="51.82608" lon="5.8683">
        <ele>32.4</ele>
      </trkpt>
      <trkpt lat="51.82597" lon="5.86824">
        <ele>32.6</ele>
      </trkpt>
      <trkpt lat="51.8259" lon="5.86819">
        <ele>32.7</ele>
      </trkpt>
      <trkpt lat="51.82577" lon="5.86808">
        <ele>32.7</ele>
      </trkpt>
      <trkpt lat="51.82565" lon="5.86791">
        <ele>32.6</ele>
      </trkpt>
      <trkpt lat="51.82559" lon="5.86781">
        <ele>32.6</ele>
      </trkpt>
      <trkpt lat="51.82541" lon="5.86764">
        <ele>32.6</ele>
      </trkpt>
      <trkpt lat="51.82504" lon="5.86747">
        <ele>33.0</ele>
      </trkpt>
      <trkpt lat="51.82428" lon="5.86729">
        <ele>32.6</ele>
      </trkpt>
      <trkpt lat="51.82351" lon="5.86711">
        <ele>32.1</ele>
      </trkpt>
      <trkpt lat="51.82348" lon="5.86708">
        <ele>32.0</ele>
      </trkpt>
      <trkpt lat="51.82334" lon="5.86705">
        <ele>31.9</ele>
      </trkpt>
      <trkpt lat="51.82326" lon="5.86705">
        <ele>32.0</ele>
      </trkpt>
      <trkpt lat="51.82257" lon="5.86689">
        <ele>32.2</ele>
      </trkpt>
      <trkpt lat="51.82257" lon="5.86689">
        <ele>32.2</ele>
      </trkpt>
      <trkpt lat="51.82257" lon="5.86689">
        <ele>32.2</ele>
      </trkpt>
      <trkpt lat="51.8219" lon="5.86674">
        <ele>32.7</ele>
      </trkpt>
      <trkpt lat="51.82124" lon="5.86659">
        <ele>30.4</ele>
      </trkpt>
      <trkpt lat="51.82085" lon="5.86653">
        <ele>28.3</ele>
      </trkpt>
      <trkpt lat="51.82068" lon="5.86652">
        <ele>27.8</ele>
      </trkpt>
      <trkpt lat="51.82026" lon="5.86653">
        <ele>26.8</ele>
      </trkpt>
      <trkpt lat="51.82022" lon="5.86646">
        <ele>26.8</ele>
      </trkpt>
      <trkpt lat="51.82015" lon="5.86642">
        <ele>26.7</ele>
      </trkpt>
      <trkpt lat="51.82008" lon="5.8664">
        <ele>26.5</ele>
      </trkpt>
      <trkpt lat="51.81999" lon="5.86642">
        <ele>26.3</ele>
      </trkpt>
      <trkpt lat="51.81993" lon="5.86653">
        <ele>26.5</ele>
      </trkpt>
      <trkpt lat="51.81991" lon="5.86659">
        <ele>26.5</ele>
      </trkpt>
      <trkpt lat="51.81959" lon="5.86661">
        <ele>27.9</ele>
      </trkpt>
      <trkpt lat="51.81914" lon="5.86669">
        <ele>29.9</ele>
      </trkpt>
      <trkpt lat="51.81867" lon="5.86665">
        <ele>30.0</ele>
      </trkpt>
      <trkpt lat="51.81856" lon="5.86669">
        <ele>30.0</ele>
      </trkpt>
      <trkpt lat="51.81848" lon="5.86677">
        <ele>29.8</ele>
      </trkpt>
      <trkpt lat="51.81784" lon="5.86682">
        <ele>29.2</ele>
      </trkpt>
      <trkpt lat="51.81719" lon="5.86686">
        <ele>28.1</ele>
      </trkpt>
      <trkpt lat="51.81695" lon="5.86683">
        <ele>27.6</ele>
      </trkpt>
      <trkpt lat="51.81683" lon="5.86688">
        <ele>27.3</ele>
      </trkpt>
      <trkpt lat="51.81671" lon="5.86697">
        <ele>27.1</ele>
      </trkpt>
      <trkpt lat="51.81665" lon="5.86699">
        <ele>27.0</ele>
      </trkpt>
      <trkpt lat="51.8166" lon="5.86697">
        <ele>26.9</ele>
      </trkpt>
      <trkpt lat="51.8165" lon="5.86686">
        <ele>26.8</ele>
      </trkpt>
      <trkpt lat="51.81644" lon="5.86686">
        <ele>26.7</ele>
      </trkpt>
      <trkpt lat="51.81639" lon="5.86685">
        <ele>26.7</ele>
      </trkpt>
      <trkpt lat="51.81631" lon="5.86686">
        <ele>26.6</ele>
      </trkpt>
      <trkpt lat="51.81598" lon="5.86693">
        <ele>26.2</ele>
      </trkpt>
      <trkpt lat="51.81559" lon="5.86698">
        <ele>25.7</ele>
      </trkpt>
      <trkpt lat="51.81485" lon="5.86701">
        <ele>25.2</ele>
      </trkpt>
      <trkpt lat="51.81411" lon="5.86705">
        <ele>26.0</ele>
      </trkpt>
      <trkpt lat="51.81339" lon="5.86709">
        <ele>26.0</ele>
      </trkpt>
      <trkpt lat="51.81267" lon="5.86714">
        <ele>26.8</ele>
      </trkpt>
      <trkpt lat="51.81194" lon="5.86716">
        <ele>27.0</ele>
      </trkpt>
      <trkpt lat="51.81148" lon="5.8672">
        <ele>26.7</ele>
      </trkpt>
      <trkpt lat="51.81102" lon="5.86724">
        <ele>26.0</ele>
      </trkpt>
      <trkpt lat="51.8109" lon="5.86727">
        <ele>25.8</ele>
      </trkpt>
      <trkpt lat="51.8104" lon="5.86753">
        <ele>27.1</ele>
      </trkpt>
      <trkpt lat="51.81014" lon="5.86764">
        <ele>27.8</ele>
      </trkpt>
      <trkpt lat="51.81007" lon="5.86659">
        <ele>27.6</ele>
      </trkpt>
      <trkpt lat="51.81" lon="5.86554">
        <ele>25.6</ele>
      </trkpt>
      <trkpt lat="51.80993" lon="5.8645">
        <ele>25.3</ele>
      </trkpt>
      <trkpt lat="51.8099" lon="5.86435">
        <ele>25.5</ele>
      </trkpt>
      <trkpt lat="51.80971" lon="5.86337">
        <ele>26.4</ele>
      </trkpt>
      <trkpt lat="51.80967" lon="5.86315">
        <ele>27.0</ele>
      </trkpt>
      <trkpt lat="51.80939" lon="5.86179">
        <ele>29.2</ele>
      </trkpt>
      <trkpt lat="51.80912" lon="5.86042">
        <ele>26.5</ele>
      </trkpt>
      <trkpt lat="51.80884" lon="5.85906">
        <ele>27.1</ele>
      </trkpt>
      <trkpt lat="51.80856" lon="5.8577">
        <ele>26.9</ele>
      </trkpt>
      <trkpt lat="51.80853" lon="5.85743">
        <ele>26.4</ele>
      </trkpt>
      <trkpt lat="51.80854" lon="5.85712">
        <ele>26.2</ele>
      </trkpt>
      <trkpt lat="51.80838" lon="5.85723">
        <ele>25.8</ele>
      </trkpt>
      <trkpt lat="51.80832" lon="5.85725">
        <ele>25.8</ele>
      </trkpt>
      <trkpt lat="51.80819" lon="5.85729">
        <ele>26.5</ele>
      </trkpt>
      <trkpt lat="51.80742" lon="5.85747">
        <ele>30.0</ele>
      </trkpt>
      <trkpt lat="51.80665" lon="5.85765">
        <ele>29.8</ele>
      </trkpt>
      <trkpt lat="51.80588" lon="5.85784">
        <ele>31.3</ele>
      </trkpt>
      <trkpt lat="51.80511" lon="5.85802">
        <ele>29.9</ele>
      </trkpt>
      <trkpt lat="51.80434" lon="5.8582">
        <ele>28.1</ele>
      </trkpt>
      <trkpt lat="51.80357" lon="5.85839">
        <ele>28.8</ele>
      </trkpt>
      <trkpt lat="51.8028" lon="5.85857">
        <ele>29.2</ele>
      </trkpt>
      <trkpt lat="51.80195" lon="5.85879">
        <ele>29.5</ele>
      </trkpt>
      <trkpt lat="51.80107" lon="5.859">
        <ele>29.1</ele>
      </trkpt>
      <trkpt lat="51.80019" lon="5.85921">
        <ele>28.3</ele>
      </trkpt>
      <trkpt lat="51.79931" lon="5.85942">
        <ele>28.6</ele>
      </trkpt>
      <trkpt lat="51.79842" lon="5.85964">
        <ele>30.0</ele>
      </trkpt>
      <trkpt lat="51.79754" lon="5.85985">
        <ele>28.0</ele>
      </trkpt>
      <trkpt lat="51.79666" lon="5.86006">
        <ele>25.1</ele>
      </trkpt>
      <trkpt lat="51.79657" lon="5.86007">
        <ele>25.2</ele>
      </trkpt>
      <trkpt lat="51.79651" lon="5.86004">
        <ele>25.1</ele>
      </trkpt>
      <trkpt lat="51.79646" lon="5.85996">
        <ele>25.0</ele>
      </trkpt>
      <trkpt lat="51.79631" lon="5.85969">
        <ele>25.2</ele>
      </trkpt>
      <trkpt lat="51.79626" lon="5.85964">
        <ele>25.2</ele>
      </trkpt>
      <trkpt lat="51.79614" lon="5.85954">
        <ele>25.2</ele>
      </trkpt>
      <trkpt lat="51.79601" lon="5.85937">
        <ele>25.2</ele>
      </trkpt>
      <trkpt lat="51.7959" lon="5.85922">
        <ele>25.1</ele>
      </trkpt>
      <trkpt lat="51.79577" lon="5.85906">
        <ele>24.9</ele>
      </trkpt>
      <trkpt lat="51.79566" lon="5.85896">
        <ele>24.7</ele>
      </trkpt>
      <trkpt lat="51.79556" lon="5.85891">
        <ele>24.6</ele>
      </trkpt>
      <trkpt lat="51.79544" lon="5.85882">
        <ele>24.3</ele>
      </trkpt>
      <trkpt lat="51.79529" lon="5.85867">
        <ele>24.0</ele>
      </trkpt>
      <trkpt lat="51.79516" lon="5.85849">
        <ele>23.5</ele>
      </trkpt>
      <trkpt lat="51.79511" lon="5.85848">
        <ele>23.4</ele>
      </trkpt>
      <trkpt lat="51.79463" lon="5.85864">
        <ele>23.1</ele>
      </trkpt>
      <trkpt lat="51.7939" lon="5.85888">
        <ele>22.4</ele>
      </trkpt>
      <trkpt lat="51.79318" lon="5.85912">
        <ele>21.1</ele>
      </trkpt>
      <trkpt lat="51.79246" lon="5.85935">
        <ele>22.4</ele>
      </trkpt>
      <trkpt lat="51.79174" lon="5.85959">
        <ele>22.1</ele>
      </trkpt>
      <trkpt lat="51.7916" lon="5.85966">
        <ele>21.9</ele>
      </trkpt>
      <trkpt lat="51.79097" lon="5.85984">
        <ele>19.3</ele>
      </trkpt>
      <trkpt lat="51.79033" lon="5.86003">
        <ele>19.6</ele>
      </trkpt>
      <trkpt lat="51.7902" lon="5.86009">
        <ele>19.8</ele>
      </trkpt>
      <trkpt lat="51.79013" lon="5.86014">
        <ele>19.8</ele>
      </trkpt>
      <trkpt lat="51.78973" lon="5.86055">
        <ele>20.3</ele>
      </trkpt>
      <trkpt lat="51.78933" lon="5.86096">
        <ele>20.8</ele>
      </trkpt>
      <trkpt lat="51.78918" lon="5.8611">
        <ele>21.0</ele>
      </trkpt>
      <trkpt lat="51.78898" lon="5.86131">
        <ele>20.9</ele>
      </trkpt>
      <trkpt lat="51.78836" lon="5.86201">
        <ele>22.4</ele>
      </trkpt>
      <trkpt lat="51.78774" lon="5.86272">
        <ele>22.0</ele>
      </trkpt>
      <trkpt lat="51.78712" lon="5.86342">
        <ele>22.5</ele>
      </trkpt>
      <trkpt lat="51.78709" lon="5.86347">
        <ele>22.5</ele>
      </trkpt>
      <trkpt lat="51.78695" lon="5.86381">
        <ele>22.5</ele>
      </trkpt>
      <trkpt lat="51.78657" lon="5.86466">
        <ele>23.5</ele>
      </trkpt>
      <trkpt lat="51.7862" lon="5.86552">
        <ele>23.8</ele>
      </trkpt>
      <trkpt lat="51.78605" lon="5.86579">
        <ele>24.0</ele>
      </trkpt>
      <trkpt lat="51.78601" lon="5.86592">
        <ele>24.1</ele>
      </trkpt>
      <trkpt lat="51.78597" lon="5.86621">
        <ele>24.5</ele>
      </trkpt>
      <trkpt lat="51.78593" lon="5.86635">
        <ele>24.6</ele>
      </trkpt>
      <trkpt lat="51.78586" lon="5.86646">
        <ele>24.8</ele>
      </trkpt>
      <trkpt lat="51.78559" lon="5.86672">
        <ele>24.7</ele>
      </trkpt>
      <trkpt lat="51.78538" lon="5.86698">
        <ele>24.5</ele>
      </trkpt>
      <trkpt lat="51.78518" lon="5.86713">
        <ele>24.2</ele>
      </trkpt>
      <trkpt lat="51.78478" lon="5.86737">
        <ele>23.7</ele>
      </trkpt>
      <trkpt lat="51.78441" lon="5.86763">
        <ele>23.6</ele>
      </trkpt>
      <trkpt lat="51.78413" lon="5.86793">
        <ele>24.0</ele>
      </trkpt>
      <trkpt lat="51.78398" lon="5.86805">
        <ele>23.9</ele>
      </trkpt>
      <trkpt lat="51.78396" lon="5.86787">
        <ele>23.5</ele>
      </trkpt>
      <trkpt lat="51.78401" lon="5.86739">
        <ele>22.7</ele>
      </trkpt>
      <trkpt lat="51.78401" lon="5.86728">
        <ele>22.5</ele>
      </trkpt>
      <trkpt lat="51.78395" lon="5.86667">
        <ele>21.7</ele>
      </trkpt>
      <trkpt lat="51.78392" lon="5.86649">
        <ele>21.3</ele>
      </trkpt>
      <trkpt lat="51.78381" lon="5.86594">
        <ele>20.2</ele>
      </trkpt>
      <trkpt lat="51.78378" lon="5.86572">
        <ele>19.9</ele>
      </trkpt>
      <trkpt lat="51.78374" lon="5.86537">
        <ele>19.7</ele>
      </trkpt>
      <trkpt lat="51.78369" lon="5.86505">
        <ele>19.6</ele>
      </trkpt>
      <trkpt lat="51.78357" lon="5.8643">
        <ele>19.1</ele>
      </trkpt>
      <trkpt lat="51.78342" lon="5.86355">
        <ele>18.3</ele>
      </trkpt>
      <trkpt lat="51.78334" lon="5.86338">
        <ele>18.1</ele>
      </trkpt>
      <trkpt lat="51.7833" lon="5.86327">
        <ele>17.9</ele>
      </trkpt>
      <trkpt lat="51.78327" lon="5.8631">
        <ele>17.7</ele>
      </trkpt>
      <trkpt lat="51.78297" lon="5.86198">
        <ele>16.7</ele>
      </trkpt>
      <trkpt lat="51.7826" lon="5.86071">
        <ele>15.1</ele>
      </trkpt>
      <trkpt lat="51.7826" lon="5.86048">
        <ele>15.1</ele>
      </trkpt>
      <trkpt lat="51.78257" lon="5.86044">
        <ele>15.0</ele>
      </trkpt>
      <trkpt lat="51.78245" lon="5.86021">
        <ele>15.0</ele>
      </trkpt>
      <trkpt lat="51.78207" lon="5.85897">
        <ele>13.5</ele>
      </trkpt>
      <trkpt lat="51.78169" lon="5.85772">
        <ele>13.7</ele>
      </trkpt>
      <trkpt lat="51.78143" lon="5.8569">
        <ele>14.0</ele>
      </trkpt>
      <trkpt lat="51.78117" lon="5.85608">
        <ele>13.3</ele>
      </trkpt>
      <trkpt lat="51.78111" lon="5.85567">
        <ele>13.0</ele>
      </trkpt>
      <trkpt lat="51.78108" lon="5.85553">
        <ele>13.0</ele>
      </trkpt>
      <trkpt lat="51.78098" lon="5.85523">
        <ele>13.0</ele>
      </trkpt>
      <trkpt lat="51.78073" lon="5.85442">
        <ele>13.0</ele>
      </trkpt>
      <trkpt lat="51.78049" lon="5.85362">
        <ele>12.7</ele>
      </trkpt>
      <trkpt lat="51.78051" lon="5.85354">
        <ele>12.7</ele>
      </trkpt>
      <trkpt lat="51.78052" lon="5.85339">
        <ele>12.6</ele>
      </trkpt>
      <trkpt lat="51.7805" lon="5.8533">
        <ele>12.6</ele>
      </trkpt>
      <trkpt lat="51.78046" lon="5.8532">
        <ele>12.4</ele>
      </trkpt>
      <trkpt lat="51.78042" lon="5.85314">
        <ele>12.3</ele>
      </trkpt>
      <trkpt lat="51.78035" lon="5.8531">
        <ele>12.1</ele>
      </trkpt>
      <trkpt lat="51.78026" lon="5.85288">
        <ele>11.8</ele>
      </trkpt>
      <trkpt lat="51.78005" lon="5.85219">
        <ele>11.1</ele>
      </trkpt>
      <trkpt lat="51.77999" lon="5.8521">
        <ele>11.0</ele>
      </trkpt>
      <trkpt lat="51.7799" lon="5.85204">
        <ele>11.1</ele>
      </trkpt>
      <trkpt lat="51.77976" lon="5.85199">
        <ele>11.3</ele>
      </trkpt>
      <trkpt lat="51.7797" lon="5.85191">
        <ele>11.4</ele>
      </trkpt>
      <trkpt lat="51.77938" lon="5.85098">
        <ele>10.9</ele>
      </trkpt>
      <trkpt lat="51.77936" lon="5.85085">
        <ele>10.8</ele>
      </trkpt>
      <trkpt lat="51.77935" lon="5.85068">
        <ele>10.6</ele>
      </trkpt>
      <trkpt lat="51.77939" lon="5.85049">
        <ele>10.4</ele>
      </trkpt>
      <trkpt lat="51.77942" lon="5.8504">
        <ele>10.3</ele>
      </trkpt>
      <trkpt lat="51.7799" lon="5.84964">
        <ele>10.4</ele>
      </trkpt>
      <trkpt lat="51.77976" lon="5.84937">
        <ele>10.5</ele>
      </trkpt>
      <trkpt lat="51.77955" lon="5.84911">
        <ele>10.5</ele>
      </trkpt>
      <trkpt lat="51.77938" lon="5.84882">
        <ele>10.3</ele>
      </trkpt>
      <trkpt lat="51.77929" lon="5.84865">
        <ele>10.1</ele>
      </trkpt>
      <trkpt lat="51.7793" lon="5.8485">
        <ele>10.2</ele>
      </trkpt>
      <trkpt lat="51.77913" lon="5.84798">
        <ele>10.0</ele>
      </trkpt>
      <trkpt lat="51.77904" lon="5.84751">
        <ele>9.7</ele>
      </trkpt>
      <trkpt lat="51.77891" lon="5.84693">
        <ele>9.2</ele>
      </trkpt>
      <trkpt lat="51.77886" lon="5.8468">
        <ele>9.0</ele>
      </trkpt>
      <trkpt lat="51.77878" lon="5.84665">
        <ele>8.6</ele>
      </trkpt>
      <trkpt lat="51.7787" lon="5.84646">
        <ele>8.3</ele>
      </trkpt>
      <trkpt lat="51.77869" lon="5.84637">
        <ele>8.3</ele>
      </trkpt>
      <trkpt lat="51.77871" lon="5.84627">
        <ele>8.4</ele>
      </trkpt>
      <trkpt lat="51.77861" lon="5.84623">
        <ele>8.2</ele>
      </trkpt>
      <trkpt lat="51.77783" lon="5.84689">
        <ele>8.9</ele>
      </trkpt>
      <trkpt lat="51.77776" lon="5.84695">
        <ele>9.2</ele>
      </trkpt>
      <trkpt lat="51.77704" lon="5.84742">
        <ele>10.0</ele>
      </trkpt>
      <trkpt lat="51.77632" lon="5.84788">
        <ele>10.2</ele>
      </trkpt>
      <trkpt lat="51.77581" lon="5.84828">
        <ele>10.8</ele>
      </trkpt>
      <trkpt lat="51.77521" lon="5.84871">
        <ele>9.5</ele>
      </trkpt>
      <trkpt lat="51.77518" lon="5.84876">
        <ele>9.4</ele>
      </trkpt>
      <trkpt lat="51.77512" lon="5.84882">
        <ele>9.3</ele>
      </trkpt>
      <trkpt lat="51.77451" lon="5.84933">
        <ele>9.2</ele>
      </trkpt>
      <trkpt lat="51.77389" lon="5.84982">
        <ele>9.8</ele>
      </trkpt>
      <trkpt lat="51.77327" lon="5.8503">
        <ele>10.0</ele>
      </trkpt>
      <trkpt lat="51.77282" lon="5.85066">
        <ele>10.0</ele>
      </trkpt>
      <trkpt lat="51.77238" lon="5.85102">
        <ele>10.1</ele>
      </trkpt>
      <trkpt lat="51.77177" lon="5.85143">
        <ele>10.5</ele>
      </trkpt>
      <trkpt lat="51.77117" lon="5.85185">
        <ele>11.6</ele>
      </trkpt>
      <trkpt lat="51.77056" lon="5.85227">
        <ele>12.6</ele>
      </trkpt>
      <trkpt lat="51.77007" lon="5.85262">
        <ele>14.1</ele>
      </trkpt>
      <trkpt lat="51.76958" lon="5.85297">
        <ele>14.8</ele>
      </trkpt>
      <trkpt lat="51.76979" lon="5.85362">
        <ele>15.1</ele>
      </trkpt>
      <trkpt lat="51.77" lon="5.85426">
        <ele>13.8</ele>
      </trkpt>
      <trkpt lat="51.77003" lon="5.85433">
        <ele>13.5</ele>
      </trkpt>
      <trkpt lat="51.77007" lon="5.85436">
        <ele>13.4</ele>
      </trkpt>
      <trkpt lat="51.77011" lon="5.85437">
        <ele>13.3</ele>
      </trkpt>
      <trkpt lat="51.77015" lon="5.85436">
        <ele>13.3</ele>
      </trkpt>
      <trkpt lat="51.77056" lon="5.85403">
        <ele>12.8</ele>
      </trkpt>
      <trkpt lat="51.77032" lon="5.85267">
        <ele>12.7</ele>
      </trkpt>
      <trkpt lat="51.77021" lon="5.85196">
        <ele>12.7</ele>
      </trkpt>
      <trkpt lat="51.77012" lon="5.85126">
        <ele>12.7</ele>
      </trkpt>
      <trkpt lat="51.77003" lon="5.85051">
        <ele>12.7</ele>
      </trkpt>
      <trkpt lat="51.76995" lon="5.84975">
        <ele>12.7</ele>
      </trkpt>
      <trkpt lat="51.76988" lon="5.84869">
        <ele>11.9</ele>
      </trkpt>
      <trkpt lat="51.76981" lon="5.84763">
        <ele>11.6</ele>
      </trkpt>
      <trkpt lat="51.76977" lon="5.8469">
        <ele>11.2</ele>
      </trkpt>
      <trkpt lat="51.76975" lon="5.84619">
        <ele>11.3</ele>
      </trkpt>
      <trkpt lat="51.76975" lon="5.84531">
        <ele>11.4</ele>
      </trkpt>
      <trkpt lat="51.76976" lon="5.8448">
        <ele>11.3</ele>
      </trkpt>
      <trkpt lat="51.76978" lon="5.8445">
        <ele>11.0</ele>
      </trkpt>
      <trkpt lat="51.76974" lon="5.84447">
        <ele>10.9</ele>
      </trkpt>
      <trkpt lat="51.76965" lon="5.84417">
        <ele>10.6</ele>
      </trkpt>
      <trkpt lat="51.76958" lon="5.84407">
        <ele>10.4</ele>
      </trkpt>
      <trkpt lat="51.7695" lon="5.844">
        <ele>10.3</ele>
      </trkpt>
      <trkpt lat="51.76939" lon="5.84396">
        <ele>10.2</ele>
      </trkpt>
      <trkpt lat="51.76889" lon="5.84383">
        <ele>9.7</ele>
      </trkpt>
      <trkpt lat="51.76808" lon="5.84365">
        <ele>9.0</ele>
      </trkpt>
      <trkpt lat="51.76792" lon="5.84361">
        <ele>9.0</ele>
      </trkpt>
      <trkpt lat="51.76725" lon="5.84351">
        <ele>9.6</ele>
      </trkpt>
      <trkpt lat="51.76671" lon="5.84353">
        <ele>10.9</ele>
      </trkpt>
      <trkpt lat="51.7665" lon="5.84359">
        <ele>11.0</ele>
      </trkpt>
      <trkpt lat="51.76633" lon="5.84365">
        <ele>11.0</ele>
      </trkpt>
      <trkpt lat="51.76615" lon="5.84373">
        <ele>11.0</ele>
      </trkpt>
      <trkpt lat="51.76576" lon="5.84399">
        <ele>11.0</ele>
      </trkpt>
      <trkpt lat="51.76559" lon="5.84413">
        <ele>11.0</ele>
      </trkpt>
      <trkpt lat="51.76534" lon="5.8444">
        <ele>11.3</ele>
      </trkpt>
      <trkpt lat="51.76524" lon="5.84453">
        <ele>11.4</ele>
      </trkpt>
      <trkpt lat="51.76488" lon="5.84518">
        <ele>12.0</ele>
      </trkpt>
      <trkpt lat="51.76459" lon="5.84567">
        <ele>12.0</ele>
      </trkpt>
      <trkpt lat="51.76452" lon="5.84574">
        <ele>12.0</ele>
      </trkpt>
      <trkpt lat="51.76433" lon="5.845">
        <ele>12.0</ele>
      </trkpt>
      <trkpt lat="51.76428" lon="5.84478">
        <ele>12.2</ele>
      </trkpt>
      <trkpt lat="51.76423" lon="5.84442">
        <ele>12.6</ele>
      </trkpt>
      <trkpt lat="51.76422" lon="5.84423">
        <ele>12.8</ele>
      </trkpt>
      <trkpt lat="51.76422" lon="5.84317">
        <ele>13.6</ele>
      </trkpt>
      <trkpt lat="51.76423" lon="5.84211">
        <ele>12.4</ele>
      </trkpt>
      <trkpt lat="51.76423" lon="5.84106">
        <ele>11.9</ele>
      </trkpt>
      <trkpt lat="51.76423" lon="5.84058">
        <ele>11.8</ele>
      </trkpt>
      <trkpt lat="51.76424" lon="5.84035">
        <ele>11.8</ele>
      </trkpt>
      <trkpt lat="51.76435" lon="5.83925">
        <ele>11.5</ele>
      </trkpt>
      <trkpt lat="51.76436" lon="5.83897">
        <ele>11.6</ele>
      </trkpt>
      <trkpt lat="51.76435" lon="5.83801">
        <ele>12.2</ele>
      </trkpt>
      <trkpt lat="51.76439" lon="5.83795">
        <ele>12.2</ele>
      </trkpt>
      <trkpt lat="51.76441" lon="5.83782">
        <ele>12.3</ele>
      </trkpt>
      <trkpt lat="51.76444" lon="5.8368">
        <ele>12.7</ele>
      </trkpt>
      <trkpt lat="51.76451" lon="5.83593">
        <ele>11.2</ele>
      </trkpt>
      <trkpt lat="51.76458" lon="5.83505">
        <ele>10.1</ele>
      </trkpt>
      <trkpt lat="51.76463" lon="5.83457">
        <ele>9.5</ele>
      </trkpt>
      <trkpt lat="51.76465" lon="5.83451">
        <ele>9.4</ele>
      </trkpt>
      <trkpt lat="51.76474" lon="5.8344">
        <ele>9.3</ele>
      </trkpt>
      <trkpt lat="51.7648" lon="5.83441">
        <ele>9.3</ele>
      </trkpt>
      <trkpt lat="51.76525" lon="5.83464">
        <ele>9.4</ele>
      </trkpt>
      <trkpt lat="51.76571" lon="5.83487">
        <ele>9.1</ele>
      </trkpt>
      <trkpt lat="51.76575" lon="5.83462">
        <ele>9.1</ele>
      </trkpt>
      <trkpt lat="51.76574" lon="5.83459">
        <ele>9.1</ele>
      </trkpt>
      <trkpt lat="51.76571" lon="5.83457">
        <ele>9.1</ele>
      </trkpt>
      <trkpt lat="51.76568" lon="5.83448">
        <ele>9.1</ele>
      </trkpt>
      <trkpt lat="51.76569" lon="5.83415">
        <ele>9.0</ele>
      </trkpt>
      <trkpt lat="51.76576" lon="5.83395">
        <ele>9.0</ele>
      </trkpt>
      <trkpt lat="51.76599" lon="5.83307">
        <ele>9.3</ele>
      </trkpt>
      <trkpt lat="51.76622" lon="5.83218">
        <ele>9.5</ele>
      </trkpt>
      <trkpt lat="51.76643" lon="5.83133">
        <ele>9.6</ele>
      </trkpt>
      <trkpt lat="51.76654" lon="5.831">
        <ele>9.8</ele>
      </trkpt>
      <trkpt lat="51.76686" lon="5.83024">
        <ele>10.2</ele>
      </trkpt>
      <trkpt lat="51.76715" lon="5.82941">
        <ele>9.9</ele>
      </trkpt>
      <trkpt lat="51.76737" lon="5.82874">
        <ele>9.8</ele>
      </trkpt>
      <trkpt lat="51.76766" lon="5.82784">
        <ele>9.3</ele>
      </trkpt>
      <trkpt lat="51.76801" lon="5.82658">
        <ele>8.6</ele>
      </trkpt>
      <trkpt lat="51.76837" lon="5.82532">
        <ele>9.0</ele>
      </trkpt>
      <trkpt lat="51.76843" lon="5.825">
        <ele>9.1</ele>
      </trkpt>
      <trkpt lat="51.76844" lon="5.82464">
        <ele>9.2</ele>
      </trkpt>
      <trkpt lat="51.76844" lon="5.82391">
        <ele>9.3</ele>
      </trkpt>
      <trkpt lat="51.76853" lon="5.82312">
        <ele>9.8</ele>
      </trkpt>
      <trkpt lat="51.76862" lon="5.82233">
        <ele>10.4</ele>
      </trkpt>
      <trkpt lat="51.76868" lon="5.82182">
        <ele>10.7</ele>
      </trkpt>
      <trkpt lat="51.76875" lon="5.82125">
        <ele>10.5</ele>
      </trkpt>
      <trkpt lat="51.76884" lon="5.82069">
        <ele>10.4</ele>
      </trkpt>
      <trkpt lat="51.76891" lon="5.82045">
        <ele>10.8</ele>
      </trkpt>
      <trkpt lat="51.76901" lon="5.82013">
        <ele>11.2</ele>
      </trkpt>
      <trkpt lat="51.76916" lon="5.81976">
        <ele>11.4</ele>
      </trkpt>
      <trkpt lat="51.76939" lon="5.81929">
        <ele>10.6</ele>
      </trkpt>
      <trkpt lat="51.76971" lon="5.8186">
        <ele>9.7</ele>
      </trkpt>
      <trkpt lat="51.77003" lon="5.81792">
        <ele>9.5</ele>
      </trkpt>
      <trkpt lat="51.77054" lon="5.81688">
        <ele>9.4</ele>
      </trkpt>
      <trkpt lat="51.77084" lon="5.81627">
        <ele>10.0</ele>
      </trkpt>
      <trkpt lat="51.77114" lon="5.81566">
        <ele>10.0</ele>
      </trkpt>
      <trkpt lat="51.77155" lon="5.81473">
        <ele>9.7</ele>
      </trkpt>
      <trkpt lat="51.77196" lon="5.8138">
        <ele>9.5</ele>
      </trkpt>
      <trkpt lat="51.77237" lon="5.81288">
        <ele>9.3</ele>
      </trkpt>
      <trkpt lat="51.77274" lon="5.81185">
        <ele>9.9</ele>
      </trkpt>
      <trkpt lat="51.77293" lon="5.81119">
        <ele>10.5</ele>
      </trkpt>
      <trkpt lat="51.77299" lon="5.81092">
        <ele>10.8</ele>
      </trkpt>
      <trkpt lat="51.7732" lon="5.80976">
        <ele>11.3</ele>
      </trkpt>
      <trkpt lat="51.7733" lon="5.80931">
        <ele>11.1</ele>
      </trkpt>
      <trkpt lat="51.77335" lon="5.80914">
        <ele>11.1</ele>
      </trkpt>
      <trkpt lat="51.77322" lon="5.80906">
        <ele>10.9</ele>
      </trkpt>
      <trkpt lat="51.77266" lon="5.80878">
        <ele>10.2</ele>
      </trkpt>
      <trkpt lat="51.77237" lon="5.80865">
        <ele>10.1</ele>
      </trkpt>
      <trkpt lat="51.7723" lon="5.80863">
        <ele>10.2</ele>
      </trkpt>
      <trkpt lat="51.77213" lon="5.80863">
        <ele>10.3</ele>
      </trkpt>
      <trkpt lat="51.77185" lon="5.80866">
        <ele>10.5</ele>
      </trkpt>
      <trkpt lat="51.77177" lon="5.80864">
        <ele>10.6</ele>
      </trkpt>
      <trkpt lat="51.77166" lon="5.80855">
        <ele>10.7</ele>
      </trkpt>
      <trkpt lat="51.77117" lon="5.80807">
        <ele>10.4</ele>
      </trkpt>
      <trkpt lat="51.77103" lon="5.80799">
        <ele>10.2</ele>
      </trkpt>
      <trkpt lat="51.77094" lon="5.80797">
        <ele>10.1</ele>
      </trkpt>
      <trkpt lat="51.7706" lon="5.80794">
        <ele>10.5</ele>
      </trkpt>
      <trkpt lat="51.77051" lon="5.80795">
        <ele>10.6</ele>
      </trkpt>
      <trkpt lat="51.7704" lon="5.80798">
        <ele>10.8</ele>
      </trkpt>
      <trkpt lat="51.77032" lon="5.80803">
        <ele>10.9</ele>
      </trkpt>
      <trkpt lat="51.77007" lon="5.80827">
        <ele>11.1</ele>
      </trkpt>
      <trkpt lat="51.76999" lon="5.80832">
        <ele>11.0</ele>
      </trkpt>
      <trkpt lat="51.76988" lon="5.80834">
        <ele>11.0</ele>
      </trkpt>
      <trkpt lat="51.76976" lon="5.8083">
        <ele>11.0</ele>
      </trkpt>
      <trkpt lat="51.76971" lon="5.80827">
        <ele>11.1</ele>
      </trkpt>
      <trkpt lat="51.76964" lon="5.8082">
        <ele>11.2</ele>
      </trkpt>
      <trkpt lat="51.76956" lon="5.8081">
        <ele>11.3</ele>
      </trkpt>
      <trkpt lat="51.76933" lon="5.80772">
        <ele>11.7</ele>
      </trkpt>
      <trkpt lat="51.76902" lon="5.80716">
        <ele>12.0</ele>
      </trkpt>
      <trkpt lat="51.76864" lon="5.80654">
        <ele>10.9</ele>
      </trkpt>
      <trkpt lat="51.76848" lon="5.80633">
        <ele>10.1</ele>
      </trkpt>
      <trkpt lat="51.76839" lon="5.80622">
        <ele>9.6</ele>
      </trkpt>
      <trkpt lat="51.76768" lon="5.80561">
        <ele>9.2</ele>
      </trkpt>
      <trkpt lat="51.76697" lon="5.80501">
        <ele>10.0</ele>
      </trkpt>
      <trkpt lat="51.76687" lon="5.80489">
        <ele>9.9</ele>
      </trkpt>
      <trkpt lat="51.76671" lon="5.8046">
        <ele>9.5</ele>
      </trkpt>
      <trkpt lat="51.76653" lon="5.80413">
        <ele>9.0</ele>
      </trkpt>
      <trkpt lat="51.76635" lon="5.8038">
        <ele>9.0</ele>
      </trkpt>
      <trkpt lat="51.76627" lon="5.80367">
        <ele>9.0</ele>
      </trkpt>
      <trkpt lat="51.76587" lon="5.80321">
        <ele>8.9</ele>
      </trkpt>
      <trkpt lat="51.76548" lon="5.80275">
        <ele>7.3</ele>
      </trkpt>
      <trkpt lat="51.76541" lon="5.80266">
        <ele>7.1</ele>
      </trkpt>
      <trkpt lat="51.76537" lon="5.80256">
        <ele>6.9</ele>
      </trkpt>
      <trkpt lat="51.76535" lon="5.80246">
        <ele>6.8</ele>
      </trkpt>
      <trkpt lat="51.76535" lon="5.8024">
        <ele>6.8</ele>
      </trkpt>
      <trkpt lat="51.76535" lon="5.80232">
        <ele>6.7</ele>
      </trkpt>
      <trkpt lat="51.76543" lon="5.80189">
        <ele>6.7</ele>
      </trkpt>
      <trkpt lat="51.76544" lon="5.80171">
        <ele>6.6</ele>
      </trkpt>
      <trkpt lat="51.76543" lon="5.80163">
        <ele>6.5</ele>
      </trkpt>
      <trkpt lat="51.76538" lon="5.80149">
        <ele>6.6</ele>
      </trkpt>
      <trkpt lat="51.7652" lon="5.80118">
        <ele>6.7</ele>
      </trkpt>
      <trkpt lat="51.76481" lon="5.80054">
        <ele>7.3</ele>
      </trkpt>
      <trkpt lat="51.76443" lon="5.79991">
        <ele>7.4</ele>
      </trkpt>
      <trkpt lat="51.76415" lon="5.79947">
        <ele>7.7</ele>
      </trkpt>
      <trkpt lat="51.7636" lon="5.79857">
        <ele>8.7</ele>
      </trkpt>
      <trkpt lat="51.76317" lon="5.7979">
        <ele>8.9</ele>
      </trkpt>
      <trkpt lat="51.763" lon="5.79766">
        <ele>8.9</ele>
      </trkpt>
      <trkpt lat="51.76247" lon="5.79681">
        <ele>9.8</ele>
      </trkpt>
      <trkpt lat="51.7622" lon="5.79641">
        <ele>9.2</ele>
      </trkpt>
      <trkpt lat="51.76206" lon="5.79623">
        <ele>9.0</ele>
      </trkpt>
      <trkpt lat="51.76171" lon="5.79589">
        <ele>8.9</ele>
      </trkpt>
      <trkpt lat="51.76149" lon="5.79563">
        <ele>8.8</ele>
      </trkpt>
      <trkpt lat="51.76146" lon="5.79557">
        <ele>8.8</ele>
      </trkpt>
      <trkpt lat="51.76144" lon="5.79549">
        <ele>8.7</ele>
      </trkpt>
      <trkpt lat="51.76142" lon="5.79539">
        <ele>8.7</ele>
      </trkpt>
      <trkpt lat="51.76132" lon="5.79438">
        <ele>9.0</ele>
      </trkpt>
      <trkpt lat="51.76126" lon="5.7936">
        <ele>9.0</ele>
      </trkpt>
      <trkpt lat="51.76126" lon="5.79342">
        <ele>9.0</ele>
      </trkpt>
      <trkpt lat="51.76127" lon="5.79327">
        <ele>9.0</ele>
      </trkpt>
      <trkpt lat="51.76129" lon="5.79316">
        <ele>9.1</ele>
      </trkpt>
      <trkpt lat="51.76134" lon="5.79303">
        <ele>9.1</ele>
      </trkpt>
      <trkpt lat="51.7614" lon="5.79293">
        <ele>9.2</ele>
      </trkpt>
      <trkpt lat="51.76153" lon="5.79279">
        <ele>9.2</ele>
      </trkpt>
      <trkpt lat="51.76182" lon="5.7925">
        <ele>8.8</ele>
      </trkpt>
      <trkpt lat="51.76188" lon="5.79241">
        <ele>8.6</ele>
      </trkpt>
      <trkpt lat="51.76189" lon="5.79233">
        <ele>8.5</ele>
      </trkpt>
      <trkpt lat="51.7619" lon="5.79225">
        <ele>8.4</ele>
      </trkpt>
      <trkpt lat="51.76188" lon="5.79218">
        <ele>8.4</ele>
      </trkpt>
      <trkpt lat="51.76168" lon="5.79194">
        <ele>8.3</ele>
      </trkpt>
      <trkpt lat="51.76144" lon="5.79163">
        <ele>8.6</ele>
      </trkpt>
      <trkpt lat="51.7614" lon="5.7916">
        <ele>8.7</ele>
      </trkpt>
      <trkpt lat="51.76132" lon="5.79156">
        <ele>9.0</ele>
      </trkpt>
      <trkpt lat="51.76079" lon="5.79136">
        <ele>10.4</ele>
      </trkpt>
      <trkpt lat="51.76069" lon="5.79131">
        <ele>10.6</ele>
      </trkpt>
      <trkpt lat="51.76059" lon="5.79124">
        <ele>10.8</ele>
      </trkpt>
      <trkpt lat="51.76052" lon="5.79116">
        <ele>11.0</ele>
      </trkpt>
      <trkpt lat="51.76039" lon="5.79093">
        <ele>11.4</ele>
      </trkpt>
      <trkpt lat="51.75996" lon="5.79158">
        <ele>11.1</ele>
      </trkpt>
      <trkpt lat="51.75953" lon="5.79223">
        <ele>11.6</ele>
      </trkpt>
      <trkpt lat="51.75943" lon="5.7924">
        <ele>11.7</ele>
      </trkpt>
      <trkpt lat="51.75935" lon="5.79258">
        <ele>11.7</ele>
      </trkpt>
      <trkpt lat="51.75923" lon="5.79251">
        <ele>11.9</ele>
      </trkpt>
      <trkpt lat="51.75915" lon="5.79237">
        <ele>12.0</ele>
      </trkpt>
      <trkpt lat="51.75908" lon="5.79243">
        <ele>12.0</ele>
      </trkpt>
      <trkpt lat="51.75904" lon="5.79244">
        <ele>12.0</ele>
      </trkpt>
      <trkpt lat="51.75818" lon="5.79243">
        <ele>11.4</ele>
      </trkpt>
      <trkpt lat="51.75797" lon="5.7925">
        <ele>10.7</ele>
      </trkpt>
      <trkpt lat="51.75796" lon="5.79258">
        <ele>10.7</ele>
      </trkpt>
      <trkpt lat="51.75755" lon="5.79272">
        <ele>9.4</ele>
      </trkpt>
      <trkpt lat="51.75704" lon="5.79284">
        <ele>10.0</ele>
      </trkpt>
      <trkpt lat="51.7566" lon="5.79295">
        <ele>10.5</ele>
      </trkpt>
      <trkpt lat="51.75649" lon="5.79299">
        <ele>10.3</ele>
      </trkpt>
      <trkpt lat="51.75637" lon="5.79305">
        <ele>10.2</ele>
      </trkpt>
      <trkpt lat="51.75622" lon="5.79316">
        <ele>9.9</ele>
      </trkpt>
      <trkpt lat="51.75616" lon="5.79318">
        <ele>9.8</ele>
      </trkpt>
      <trkpt lat="51.75611" lon="5.79318">
        <ele>9.7</ele>
      </trkpt>
      <trkpt lat="51.75607" lon="5.79272">
        <ele>9.9</ele>
      </trkpt>
      <trkpt lat="51.75602" lon="5.79199">
        <ele>9.9</ele>
      </trkpt>
      <trkpt lat="51.756" lon="5.79183">
        <ele>9.8</ele>
      </trkpt>
      <trkpt lat="51.75597" lon="5.79171">
        <ele>9.8</ele>
      </trkpt>
      <trkpt lat="51.75586" lon="5.7915">
        <ele>9.8</ele>
      </trkpt>
      <trkpt lat="51.75573" lon="5.79132">
        <ele>9.6</ele>
      </trkpt>
      <trkpt lat="51.75567" lon="5.79122">
        <ele>9.5</ele>
      </trkpt>
      <trkpt lat="51.75563" lon="5.79106">
        <ele>9.3</ele>
      </trkpt>
      <trkpt lat="51.7555" lon="5.79036">
        <ele>8.8</ele>
      </trkpt>
      <trkpt lat="51.75537" lon="5.78966">
        <ele>8.4</ele>
      </trkpt>
      <trkpt lat="51.7553" lon="5.78893">
        <ele>8.4</ele>
      </trkpt>
      <trkpt lat="51.75522" lon="5.78857">
        <ele>8.3</ele>
      </trkpt>
      <trkpt lat="51.75515" lon="5.78822">
        <ele>8.2</ele>
      </trkpt>
      <trkpt lat="51.75509" lon="5.78778">
        <ele>8.1</ele>
      </trkpt>
      <trkpt lat="51.75503" lon="5.78709">
        <ele>8.0</ele>
      </trkpt>
      <trkpt lat="51.75496" lon="5.78647">
        <ele>8.1</ele>
      </trkpt>
      <trkpt lat="51.75482" lon="5.78566">
        <ele>8.6</ele>
      </trkpt>
      <trkpt lat="51.7548" lon="5.78546">
        <ele>8.6</ele>
      </trkpt>
      <trkpt lat="51.75481" lon="5.78528">
        <ele>8.7</ele>
      </trkpt>
      <trkpt lat="51.7549" lon="5.78472">
        <ele>9.2</ele>
      </trkpt>
      <trkpt lat="51.75497" lon="5.7844">
        <ele>9.7</ele>
      </trkpt>
      <trkpt lat="51.75505" lon="5.78408">
        <ele>10.0</ele>
      </trkpt>
      <trkpt lat="51.75517" lon="5.7838">
        <ele>10.1</ele>
      </trkpt>
      <trkpt lat="51.75521" lon="5.78369">
        <ele>10.1</ele>
      </trkpt>
      <trkpt lat="51.75524" lon="5.78358">
        <ele>10.2</ele>
      </trkpt>
      <trkpt lat="51.75527" lon="5.78328">
        <ele>10.3</ele>
      </trkpt>
      <trkpt lat="51.75528" lon="5.78306">
        <ele>10.1</ele>
      </trkpt>
      <trkpt lat="51.75525" lon="5.7825">
        <ele>9.6</ele>
      </trkpt>
      <trkpt lat="51.75525" lon="5.78226">
        <ele>9.6</ele>
      </trkpt>
      <trkpt lat="51.75529" lon="5.78187">
        <ele>9.7</ele>
      </trkpt>
      <trkpt lat="51.7554" lon="5.78069">
        <ele>10.5</ele>
      </trkpt>
      <trkpt lat="51.7554" lon="5.78061">
        <ele>10.5</ele>
      </trkpt>
      <trkpt lat="51.75537" lon="5.78047">
        <ele>10.4</ele>
      </trkpt>
      <trkpt lat="51.75531" lon="5.78035">
        <ele>10.4</ele>
      </trkpt>
      <trkpt lat="51.75508" lon="5.78003">
        <ele>10.1</ele>
      </trkpt>
      <trkpt lat="51.75504" lon="5.77995">
        <ele>10.0</ele>
      </trkpt>
      <trkpt lat="51.755" lon="5.77979">
        <ele>9.7</ele>
      </trkpt>
      <trkpt lat="51.75499" lon="5.77956">
        <ele>9.5</ele>
      </trkpt>
      <trkpt lat="51.755" lon="5.77904">
        <ele>8.8</ele>
      </trkpt>
      <trkpt lat="51.75498" lon="5.77832">
        <ele>8.0</ele>
      </trkpt>
      <trkpt lat="51.75495" lon="5.77784">
        <ele>8.6</ele>
      </trkpt>
      <trkpt lat="51.75496" lon="5.77753">
        <ele>8.9</ele>
      </trkpt>
      <trkpt lat="51.755" lon="5.77676">
        <ele>9.0</ele>
      </trkpt>
      <trkpt lat="51.755" lon="5.77661">
        <ele>8.9</ele>
      </trkpt>
      <trkpt lat="51.75505" lon="5.77568">
        <ele>7.9</ele>
      </trkpt>
      <trkpt lat="51.75507" lon="5.77541">
        <ele>7.7</ele>
      </trkpt>
      <trkpt lat="51.7551" lon="5.77518">
        <ele>7.6</ele>
      </trkpt>
      <trkpt lat="51.75515" lon="5.77498">
        <ele>7.5</ele>
      </trkpt>
      <trkpt lat="51.7552" lon="5.77481">
        <ele>7.7</ele>
      </trkpt>
      <trkpt lat="51.7553" lon="5.77454">
        <ele>7.9</ele>
      </trkpt>
      <trkpt lat="51.75552" lon="5.77416">
        <ele>8.2</ele>
      </trkpt>
      <trkpt lat="51.75605" lon="5.77347">
        <ele>8.7</ele>
      </trkpt>
      <trkpt lat="51.7561" lon="5.77338">
        <ele>8.7</ele>
      </trkpt>
      <trkpt lat="51.75615" lon="5.77328">
        <ele>8.6</ele>
      </trkpt>
      <trkpt lat="51.75619" lon="5.77319">
        <ele>8.5</ele>
      </trkpt>
      <trkpt lat="51.75621" lon="5.77308">
        <ele>8.4</ele>
      </trkpt>
      <trkpt lat="51.75622" lon="5.7729">
        <ele>8.3</ele>
      </trkpt>
      <trkpt lat="51.75621" lon="5.7725">
        <ele>8.0</ele>
      </trkpt>
      <trkpt lat="51.75618" lon="5.77225">
        <ele>8.0</ele>
      </trkpt>
      <trkpt lat="51.75615" lon="5.77204">
        <ele>8.0</ele>
      </trkpt>
      <trkpt lat="51.75611" lon="5.77185">
        <ele>8.0</ele>
      </trkpt>
      <trkpt lat="51.75592" lon="5.77119">
        <ele>8.0</ele>
      </trkpt>
      <trkpt lat="51.75589" lon="5.77102">
        <ele>8.0</ele>
      </trkpt>
      <trkpt lat="51.75588" lon="5.77089">
        <ele>8.0</ele>
      </trkpt>
      <trkpt lat="51.75588" lon="5.77079">
        <ele>8.0</ele>
      </trkpt>
      <trkpt lat="51.75589" lon="5.77071">
        <ele>8.0</ele>
      </trkpt>
      <trkpt lat="51.75592" lon="5.77059">
        <ele>8.0</ele>
      </trkpt>
      <trkpt lat="51.75597" lon="5.77046">
        <ele>8.0</ele>
      </trkpt>
      <trkpt lat="51.75633" lon="5.76968">
        <ele>8.2</ele>
      </trkpt>
      <trkpt lat="51.75646" lon="5.76952">
        <ele>8.1</ele>
      </trkpt>
      <trkpt lat="51.75706" lon="5.76932">
        <ele>8.0</ele>
      </trkpt>
      <trkpt lat="51.75766" lon="5.76912">
        <ele>8.0</ele>
      </trkpt>
      <trkpt lat="51.75829" lon="5.76888">
        <ele>8.3</ele>
      </trkpt>
      <trkpt lat="51.75888" lon="5.76869">
        <ele>9.5</ele>
      </trkpt>
      <trkpt lat="51.75947" lon="5.7685">
        <ele>9.3</ele>
      </trkpt>
      <trkpt lat="51.75962" lon="5.76844">
        <ele>9.0</ele>
      </trkpt>
      <trkpt lat="51.75974" lon="5.76779">
        <ele>8.4</ele>
      </trkpt>
      <trkpt lat="51.75981" lon="5.7675">
        <ele>8.2</ele>
      </trkpt>
      <trkpt lat="51.75992" lon="5.7671">
        <ele>8.0</ele>
      </trkpt>
      <trkpt lat="51.76001" lon="5.76667">
        <ele>8.0</ele>
      </trkpt>
      <trkpt lat="51.76013" lon="5.76595">
        <ele>7.3</ele>
      </trkpt>
      <trkpt lat="51.76017" lon="5.76582">
        <ele>7.2</ele>
      </trkpt>
      <trkpt lat="51.76021" lon="5.76571">
        <ele>7.3</ele>
      </trkpt>
      <trkpt lat="51.76024" lon="5.76564">
        <ele>7.3</ele>
      </trkpt>
      <trkpt lat="51.7608" lon="5.76501">
        <ele>8.0</ele>
      </trkpt>
      <trkpt lat="51.76135" lon="5.76438">
        <ele>7.4</ele>
      </trkpt>
      <trkpt lat="51.76141" lon="5.76428">
        <ele>7.3</ele>
      </trkpt>
      <trkpt lat="51.76148" lon="5.76416">
        <ele>7.2</ele>
      </trkpt>
      <trkpt lat="51.76184" lon="5.76339">
        <ele>7.2</ele>
      </trkpt>
      <trkpt lat="51.76196" lon="5.76308">
        <ele>7.5</ele>
      </trkpt>
      <trkpt lat="51.76215" lon="5.76253">
        <ele>8.0</ele>
      </trkpt>
      <trkpt lat="51.76227" lon="5.76209">
        <ele>8.0</ele>
      </trkpt>
      <trkpt lat="51.76254" lon="5.76079">
        <ele>7.0</ele>
      </trkpt>
      <trkpt lat="51.76281" lon="5.7595">
        <ele>7.0</ele>
      </trkpt>
      <trkpt lat="51.76308" lon="5.7582">
        <ele>7.2</ele>
      </trkpt>
      <trkpt lat="51.76336" lon="5.7569">
        <ele>8.7</ele>
      </trkpt>
      <trkpt lat="51.76358" lon="5.75587">
        <ele>7.7</ele>
      </trkpt>
      <trkpt lat="51.76381" lon="5.75484">
        <ele>7.2</ele>
      </trkpt>
      <trkpt lat="51.76403" lon="5.75381">
        <ele>8.0</ele>
      </trkpt>
      <trkpt lat="51.76409" lon="5.75364">
        <ele>8.0</ele>
      </trkpt>
      <trkpt lat="51.76461" lon="5.75389">
        <ele>7.5</ele>
      </trkpt>
      <trkpt lat="51.76507" lon="5.75413">
        <ele>7.0</ele>
      </trkpt>
      <trkpt lat="51.76553" lon="5.75437">
        <ele>7.2</ele>
      </trkpt>
      <trkpt lat="51.76553" lon="5.75437">
        <ele>7.2</ele>
      </trkpt>
      <trkpt lat="51.76553" lon="5.75437">
        <ele>7.2</ele>
      </trkpt>
      <trkpt lat="51.76606" lon="5.75467">
        <ele>7.4</ele>
      </trkpt>
      <trkpt lat="51.76659" lon="5.75497">
        <ele>7.1</ele>
      </trkpt>
      <trkpt lat="51.76672" lon="5.75499">
        <ele>6.9</ele>
      </trkpt>
      <trkpt lat="51.76678" lon="5.75497">
        <ele>6.7</ele>
      </trkpt>
      <trkpt lat="51.76684" lon="5.75493">
        <ele>6.6</ele>
      </trkpt>
      <trkpt lat="51.76689" lon="5.75489">
        <ele>6.5</ele>
      </trkpt>
      <trkpt lat="51.76695" lon="5.75481">
        <ele>6.4</ele>
      </trkpt>
      <trkpt lat="51.76703" lon="5.75462">
        <ele>6.3</ele>
      </trkpt>
      <trkpt lat="51.76707" lon="5.75433">
        <ele>6.4</ele>
      </trkpt>
      <trkpt lat="51.76712" lon="5.75413">
        <ele>6.5</ele>
      </trkpt>
      <trkpt lat="51.76722" lon="5.75401">
        <ele>6.3</ele>
      </trkpt>
      <trkpt lat="51.76731" lon="5.75394">
        <ele>6.2</ele>
      </trkpt>
      <trkpt lat="51.76737" lon="5.75392">
        <ele>6.2</ele>
      </trkpt>
      <trkpt lat="51.76743" lon="5.75392">
        <ele>6.1</ele>
      </trkpt>
      <trkpt lat="51.76798" lon="5.7541">
        <ele>7.2</ele>
      </trkpt>
      <trkpt lat="51.76853" lon="5.75428">
        <ele>8.0</ele>
      </trkpt>
      <trkpt lat="51.7686" lon="5.75432">
        <ele>8.0</ele>
      </trkpt>
      <trkpt lat="51.76864" lon="5.75438">
        <ele>8.0</ele>
      </trkpt>
      <trkpt lat="51.76866" lon="5.75444">
        <ele>8.0</ele>
      </trkpt>
      <trkpt lat="51.76867" lon="5.75454">
        <ele>8.0</ele>
      </trkpt>
      <trkpt lat="51.76868" lon="5.75481">
        <ele>8.0</ele>
      </trkpt>
      <trkpt lat="51.76869" lon="5.75491">
        <ele>8.0</ele>
      </trkpt>
      <trkpt lat="51.76872" lon="5.755">
        <ele>8.0</ele>
      </trkpt>
      <trkpt lat="51.7689" lon="5.75386">
        <ele>8.0</ele>
      </trkpt>
      <trkpt lat="51.76908" lon="5.75272">
        <ele>8.1</ele>
      </trkpt>
      <trkpt lat="51.76927" lon="5.75158">
        <ele>7.8</ele>
      </trkpt>
      <trkpt lat="51.76945" lon="5.75044">
        <ele>7.3</ele>
      </trkpt>
      <trkpt lat="51.76958" lon="5.74973">
        <ele>7.8</ele>
      </trkpt>
      <trkpt lat="51.76963" lon="5.74943">
        <ele>8.2</ele>
      </trkpt>
      <trkpt lat="51.76963" lon="5.74884">
        <ele>8.8</ele>
      </trkpt>
      <trkpt lat="51.76966" lon="5.74845">
        <ele>9.1</ele>
      </trkpt>
      <trkpt lat="51.7698" lon="5.74752">
        <ele>9.5</ele>
      </trkpt>
      <trkpt lat="51.76993" lon="5.7466">
        <ele>9.8</ele>
      </trkpt>
      <trkpt lat="51.77001" lon="5.74617">
        <ele>10.0</ele>
      </trkpt>
      <trkpt lat="51.77016" lon="5.74511">
        <ele>10.2</ele>
      </trkpt>
      <trkpt lat="51.77018" lon="5.74492">
        <ele>10.1</ele>
      </trkpt>
      <trkpt lat="51.7702" lon="5.74453">
        <ele>9.7</ele>
      </trkpt>
      <trkpt lat="51.77019" lon="5.74439">
        <ele>9.5</ele>
      </trkpt>
      <trkpt lat="51.77014" lon="5.74416">
        <ele>9.2</ele>
      </trkpt>
      <trkpt lat="51.76993" lon="5.74335">
        <ele>9.0</ele>
      </trkpt>
      <trkpt lat="51.7699" lon="5.74315">
        <ele>9.4</ele>
      </trkpt>
      <trkpt lat="51.76978" lon="5.74312">
        <ele>9.4</ele>
      </trkpt>
      <trkpt lat="51.76964" lon="5.74304">
        <ele>9.6</ele>
      </trkpt>
      <trkpt lat="51.76956" lon="5.74297">
        <ele>9.6</ele>
      </trkpt>
      <trkpt lat="51.76949" lon="5.7429">
        <ele>9.7</ele>
      </trkpt>
      <trkpt lat="51.76944" lon="5.74282">
        <ele>9.8</ele>
      </trkpt>
      <trkpt lat="51.76936" lon="5.74263">
        <ele>10.0</ele>
      </trkpt>
      <trkpt lat="51.76933" lon="5.74251">
        <ele>10.2</ele>
      </trkpt>
      <trkpt lat="51.76931" lon="5.74237">
        <ele>10.4</ele>
      </trkpt>
      <trkpt lat="51.76931" lon="5.74219">
        <ele>10.6</ele>
      </trkpt>
      <trkpt lat="51.76932" lon="5.74204">
        <ele>10.8</ele>
      </trkpt>
      <trkpt lat="51.76938" lon="5.74158">
        <ele>11.3</ele>
      </trkpt>
      <trkpt lat="51.76947" lon="5.74094">
        <ele>10.3</ele>
      </trkpt>
      <trkpt lat="51.76953" lon="5.74058">
        <ele>10.1</ele>
      </trkpt>
      <trkpt lat="51.76961" lon="5.74028">
        <ele>10.3</ele>
      </trkpt>
      <trkpt lat="51.76968" lon="5.74002">
        <ele>10.5</ele>
      </trkpt>
      <trkpt lat="51.76976" lon="5.73981">
        <ele>10.7</ele>
      </trkpt>
      <trkpt lat="51.76985" lon="5.73965">
        <ele>10.9</ele>
      </trkpt>
      <trkpt lat="51.76994" lon="5.7395">
        <ele>11.2</ele>
      </trkpt>
      <trkpt lat="51.77006" lon="5.73936">
        <ele>11.3</ele>
      </trkpt>
      <trkpt lat="51.77025" lon="5.73919">
        <ele>11.0</ele>
      </trkpt>
      <trkpt lat="51.77047" lon="5.73911">
        <ele>10.9</ele>
      </trkpt>
      <trkpt lat="51.77058" lon="5.73909">
        <ele>10.8</ele>
      </trkpt>
      <trkpt lat="51.77073" lon="5.73909">
        <ele>10.7</ele>
      </trkpt>
      <trkpt lat="51.771" lon="5.73907">
        <ele>10.1</ele>
      </trkpt>
      <trkpt lat="51.77118" lon="5.73902">
        <ele>9.4</ele>
      </trkpt>
      <trkpt lat="51.77132" lon="5.73896">
        <ele>8.8</ele>
      </trkpt>
      <trkpt lat="51.77146" lon="5.73888">
        <ele>8.2</ele>
      </trkpt>
      <trkpt lat="51.77147" lon="5.73899">
        <ele>8.4</ele>
      </trkpt>
      <trkpt lat="51.77146" lon="5.73909">
        <ele>8.6</ele>
      </trkpt>
      <trkpt lat="51.77144" lon="5.73916">
        <ele>8.8</ele>
      </trkpt>
      <trkpt lat="51.77141" lon="5.73921">
        <ele>9.0</ele>
      </trkpt>
      <trkpt lat="51.77133" lon="5.73929">
        <ele>9.5</ele>
      </trkpt>
      <trkpt lat="51.77091" lon="5.73966">
        <ele>12.4</ele>
      </trkpt>
      <trkpt lat="51.77048" lon="5.74004">
        <ele>13.1</ele>
      </trkpt>
      <trkpt lat="51.77025" lon="5.73942">
        <ele>12.9</ele>
      </trkpt>
      <trkpt lat="51.77016" lon="5.73917">
        <ele>12.8</ele>
      </trkpt>
      <trkpt lat="51.76976" lon="5.73799">
        <ele>12.5</ele>
      </trkpt>
      <trkpt lat="51.76937" lon="5.73682">
        <ele>12.1</ele>
      </trkpt>
      <trkpt lat="51.76898" lon="5.73564">
        <ele>11.8</ele>
      </trkpt>
      <trkpt lat="51.76865" lon="5.73464">
        <ele>11.5</ele>
      </trkpt>
      <trkpt lat="51.76832" lon="5.73365">
        <ele>11.3</ele>
      </trkpt>
      <trkpt lat="51.76799" lon="5.73265">
        <ele>11.0</ele>
      </trkpt>
      <trkpt lat="51.76782" lon="5.73218">
        <ele>10.9</ele>
      </trkpt>
      <trkpt lat="51.76781" lon="5.73211">
        <ele>10.9</ele>
      </trkpt>
      <trkpt lat="51.76781" lon="5.73204">
        <ele>11.0</ele>
      </trkpt>
      <trkpt lat="51.76781" lon="5.73198">
        <ele>11.0</ele>
      </trkpt>
      <trkpt lat="51.76785" lon="5.73189">
        <ele>11.0</ele>
      </trkpt>
      <trkpt lat="51.7679" lon="5.73185">
        <ele>10.9</ele>
      </trkpt>
      <trkpt lat="51.76798" lon="5.73183">
        <ele>10.8</ele>
      </trkpt>
      <trkpt lat="51.76801" lon="5.73184">
        <ele>10.7</ele>
      </trkpt>
      <trkpt lat="51.76805" lon="5.73188">
        <ele>10.6</ele>
      </trkpt>
      <trkpt lat="51.7681" lon="5.73194">
        <ele>10.5</ele>
      </trkpt>
      <trkpt lat="51.76817" lon="5.7321">
        <ele>10.3</ele>
      </trkpt>
      <trkpt lat="51.76821" lon="5.7323">
        <ele>10.2</ele>
      </trkpt>
      <trkpt lat="51.76822" lon="5.73242">
        <ele>10.1</ele>
      </trkpt>
      <trkpt lat="51.76821" lon="5.73251">
        <ele>10.1</ele>
      </trkpt>
      <trkpt lat="51.76816" lon="5.7327">
        <ele>10.0</ele>
      </trkpt>
      <trkpt lat="51.76813" lon="5.73277">
        <ele>9.9</ele>
      </trkpt>
      <trkpt lat="51.76804" lon="5.73291">
        <ele>9.9</ele>
      </trkpt>
      <trkpt lat="51.76799" lon="5.73295">
        <ele>9.9</ele>
      </trkpt>
      <trkpt lat="51.76793" lon="5.73298">
        <ele>9.9</ele>
      </trkpt>
      <trkpt lat="51.76788" lon="5.73299">
        <ele>10.0</ele>
      </trkpt>
      <trkpt lat="51.76779" lon="5.73298">
        <ele>10.1</ele>
      </trkpt>
      <trkpt lat="51.76773" lon="5.73293">
        <ele>10.2</ele>
      </trkpt>
      <trkpt lat="51.7677" lon="5.7329">
        <ele>10.3</ele>
      </trkpt>
      <trkpt lat="51.76767" lon="5.73281">
        <ele>10.4</ele>
      </trkpt>
      <trkpt lat="51.76764" lon="5.73255">
        <ele>10.8</ele>
      </trkpt>
      <trkpt lat="51.7676" lon="5.73242">
        <ele>11.0</ele>
      </trkpt>
      <trkpt lat="51.76684" lon="5.73298">
        <ele>10.4</ele>
      </trkpt>
      <trkpt lat="51.76609" lon="5.73353">
        <ele>10.5</ele>
      </trkpt>
      <trkpt lat="51.76533" lon="5.73408">
        <ele>10.7</ele>
      </trkpt>
      <trkpt lat="51.76457" lon="5.73464">
        <ele>9.6</ele>
      </trkpt>
      <trkpt lat="51.76381" lon="5.73519">
        <ele>10.1</ele>
      </trkpt>
      <trkpt lat="51.76333" lon="5.7356">
        <ele>11.3</ele>
      </trkpt>
      <trkpt lat="51.76274" lon="5.73606">
        <ele>10.9</ele>
      </trkpt>
      <trkpt lat="51.76216" lon="5.73652">
        <ele>10.7</ele>
      </trkpt>
      <trkpt lat="51.76157" lon="5.73699">
        <ele>9.7</ele>
      </trkpt>
      <trkpt lat="51.7611" lon="5.73736">
        <ele>9.7</ele>
      </trkpt>
      <trkpt lat="51.76104" lon="5.73744">
        <ele>9.8</ele>
      </trkpt>
      <trkpt lat="51.76068" lon="5.73773">
        <ele>10.4</ele>
      </trkpt>
      <trkpt lat="51.76108" lon="5.73879">
        <ele>9.8</ele>
      </trkpt>
      <trkpt lat="51.76117" lon="5.73905">
        <ele>10.0</ele>
      </trkpt>
    </trkseg>
  </trk>
</gpx>
